ExperienceYears,EducationLevel,SkillMatchPercent,InterviewScore,TechnicalTestScore,CommunicationScore,PrevJobStabilityYears,HiringSuccess
1.4,Bachelor's,84.1,5.3,74.3,4.8,0.5,0
9.0,Bachelor's,76.1,7.1,69.5,5.4,1.6,1
4.0,High School,77.3,8.5,65.4,6.5,2.7,1
2.7,Bachelor's,40.4,4.2,85.2,3.9,3.0,0
0.5,Bachelor's,86.8,5.5,51.2,6.5,4.6,0
0.5,Bachelor's,69.7,5.9,79.9,9.0,3.3,1
0.2,Bachelor's,58.4,3.7,29.4,6.7,2.1,0
6.0,Bachelor's,67.6,7.3,43.9,6.1,1.2,1
2.8,Bachelor's,33.0,4.9,25.9,5.6,1.6,0
3.7,Master's,72.4,5.8,56.5,7.8,1.5,1
0.1,Master's,46.5,5.4,61.1,5.3,2.9,1
10.5,Master's,40.7,4.8,64.3,9.3,2.5,1
5.4,PhD,37.6,6.2,63.2,9.4,0.7,1
0.7,High School,85.0,5.8,43.4,6.9,1.7,0
0.6,Bachelor's,53.7,5.5,58.2,6.5,3.2,0
0.6,High School,92.6,4.9,32.1,8.0,2.6,0
1.1,Bachelor's,55.4,6.8,89.3,8.1,2.8,1
2.2,Master's,34.3,9.2,55.9,5.3,2.6,1
1.7,Bachelor's,44.9,6.5,52.2,5.7,4.0,1
1.0,Master's,87.2,8.0,93.8,4.5,2.5,1
2.8,High School,62.2,3.7,37.2,7.1,1.8,0
0.5,Master's,55.1,6.5,39.5,7.5,1.2,0
1.0,Bachelor's,67.9,4.2,40.1,4.5,2.5,0
1.4,Bachelor's,74.0,3.5,60.6,5.8,0.2,1
1.8,Bachelor's,85.1,4.9,70.6,4.5,2.0,1
4.6,Bachelor's,91.1,8.3,76.8,5.2,2.0,1
0.7,Bachelor's,58.5,7.9,100.0,7.3,0.7,1
2.2,Bachelor's,41.1,6.6,17.0,5.4,1.2,0
2.7,Master's,57.6,3.4,74.2,6.0,3.1,0
0.1,Bachelor's,69.7,5.8,50.9,4.1,2.5,1
2.8,Bachelor's,47.7,6.7,50.3,6.8,2.3,0
0.6,Bachelor's,47.8,6.5,49.6,6.4,2.5,0
0.2,Master's,71.2,2.9,43.8,5.4,2.3,0
8.9,Bachelor's,64.1,4.6,95.7,6.2,3.6,1
10.1,Bachelor's,65.6,6.1,78.8,6.8,2.3,1
5.0,Bachelor's,51.3,7.2,62.5,5.3,0.6,0
1.1,Bachelor's,60.9,2.2,89.0,4.3,4.0,0
0.3,Master's,48.4,5.9,31.7,9.2,2.6,0
3.5,Bachelor's,81.0,6.5,35.4,5.6,1.6,1
1.7,Bachelor's,83.6,7.7,18.4,6.4,0.8,0
0.4,Master's,31.8,7.4,48.0,8.0,2.6,1
2.1,Bachelor's,48.3,7.2,65.2,10.0,2.1,1
0.1,Bachelor's,38.1,4.8,64.1,4.6,3.9,0
7.2,Bachelor's,53.3,2.8,65.0,7.2,1.8,0
0.9,PhD,63.5,5.5,33.8,5.4,1.3,0
3.3,Bachelor's,38.9,8.0,78.1,5.7,3.2,0
1.1,Master's,48.4,8.7,66.8,5.4,3.2,1
2.2,Bachelor's,46.9,7.5,76.7,4.8,2.4,0
2.4,High School,68.7,7.0,24.1,6.4,2.9,1
0.6,Bachelor's,66.2,6.9,68.2,4.3,2.2,1
10.5,PhD,52.0,5.2,38.2,7.9,2.5,1
4.5,Bachelor's,68.2,6.0,54.1,6.6,3.5,1
8.4,Master's,55.2,9.2,72.7,7.1,2.9,1
6.8,Master's,60.1,4.5,63.8,5.8,2.0,1
2.7,Bachelor's,95.1,9.1,45.0,5.9,3.7,1
7.6,Bachelor's,89.1,5.6,62.1,6.9,0.2,1
0.3,Bachelor's,41.6,8.6,31.4,4.8,4.5,1
0.7,Bachelor's,79.9,3.7,85.0,6.0,0.3,1
0.1,Master's,79.6,7.3,57.9,5.2,1.5,1
1.2,Master's,44.3,4.9,84.4,5.2,2.2,1
1.5,Bachelor's,79.7,3.7,51.5,3.3,2.0,0
0.9,Bachelor's,92.7,6.6,51.5,8.5,3.3,1
5.3,Master's,44.8,8.0,46.7,5.5,1.0,0
1.3,Bachelor's,48.5,4.7,79.5,8.2,2.5,1
1.0,Master's,83.3,3.5,47.8,8.1,1.6,1
2.3,Bachelor's,69.9,6.0,74.9,4.6,2.5,1
0.5,Master's,74.9,6.0,54.4,4.9,2.1,1
4.9,High School,71.1,7.2,22.5,10.0,2.3,0
0.2,Bachelor's,72.0,7.9,50.6,9.1,1.6,1
13.0,Bachelor's,41.1,6.1,38.4,6.5,1.6,1
4.4,Bachelor's,83.9,9.5,62.7,6.9,2.5,1
0.7,Bachelor's,86.1,6.6,38.2,5.6,3.2,1
0.0,Master's,60.9,5.6,80.5,7.1,1.5,0
5.1,Master's,64.2,3.3,60.2,5.4,1.2,1
3.7,Bachelor's,37.4,5.7,58.4,3.5,2.9,0
3.9,High School,74.3,5.6,75.1,4.5,2.2,0
4.4,High School,75.3,7.9,81.3,6.5,3.1,1
0.2,Bachelor's,63.9,7.0,61.6,4.8,1.2,0
1.3,Bachelor's,85.2,4.1,46.6,6.4,0.2,1
0.4,Bachelor's,59.0,6.5,26.5,4.9,1.6,0
6.0,Bachelor's,75.2,7.4,48.3,5.3,1.4,1
2.9,Bachelor's,46.6,9.0,49.7,7.8,2.1,0
1.2,Bachelor's,64.6,7.8,64.1,6.9,1.5,1
0.2,Bachelor's,61.9,7.6,55.1,6.5,3.0,0
1.1,PhD,69.1,6.3,75.8,7.8,1.9,1
1.2,Bachelor's,58.3,6.9,49.7,7.2,2.4,1
3.9,Master's,62.6,8.4,60.9,8.7,2.4,1
3.0,Bachelor's,79.9,3.8,85.7,5.8,2.4,1
6.5,Bachelor's,57.1,5.6,68.8,5.9,2.2,0
1.9,Master's,36.1,4.8,60.8,4.5,2.8,0
0.4,Master's,96.5,6.9,50.0,5.9,1.3,1
3.7,PhD,89.9,8.4,49.3,7.9,3.7,1
4.3,Bachelor's,41.7,5.1,45.0,8.4,1.9,1
2.5,Bachelor's,77.4,1.9,51.2,7.9,0.8,1
4.4,Master's,55.9,5.5,77.1,3.8,2.4,1
2.0,Bachelor's,69.7,7.8,57.6,8.1,1.3,0
2.2,Bachelor's,70.3,7.2,35.0,3.7,2.9,0
1.7,High School,60.8,7.0,97.4,7.8,4.6,1
0.1,High School,50.9,5.7,68.4,5.9,1.3,0
0.3,Master's,52.6,3.9,33.9,7.6,2.6,1
0.1,Bachelor's,48.5,7.1,53.2,4.5,0.3,1
3.0,Bachelor's,50.0,4.7,64.2,8.3,2.7,1
1.1,Bachelor's,63.8,10.0,96.1,4.3,1.2,1
2.1,Bachelor's,52.1,7.2,39.8,5.5,1.5,0
7.1,High School,77.3,5.2,81.5,5.0,1.0,1
0.9,Bachelor's,91.8,5.1,90.0,3.9,3.0,1
1.6,High School,54.6,6.0,49.4,6.6,3.3,0
4.2,Master's,69.3,5.8,56.4,9.2,2.2,1
0.8,Bachelor's,74.0,8.2,41.3,10.0,1.2,1
0.2,Bachelor's,73.5,6.5,57.9,6.6,3.9,1
1.0,Master's,66.4,4.9,61.3,8.2,1.4,0
0.5,Master's,78.4,9.6,75.2,6.8,0.2,1
8.0,Bachelor's,73.7,6.3,83.8,7.2,2.7,1
5.0,Bachelor's,42.7,7.6,47.0,6.0,1.0,0
3.0,Bachelor's,80.6,5.1,22.7,6.8,3.3,1
6.2,Master's,81.0,6.9,61.6,7.3,1.8,1
4.9,PhD,51.3,6.8,67.9,5.6,2.9,1
0.6,Master's,65.7,2.8,67.0,6.4,3.7,0
6.7,Bachelor's,77.3,9.8,55.5,6.4,0.9,1
2.3,Master's,61.2,8.5,64.5,7.7,1.6,1
4.9,Bachelor's,84.3,5.5,92.3,4.9,2.1,1
6.8,High School,100.0,4.2,69.6,6.4,3.9,1
1.1,Bachelor's,50.9,6.8,54.5,9.4,1.5,1
0.3,PhD,40.1,6.4,52.0,8.2,1.5,1
0.8,Bachelor's,70.5,6.8,58.6,8.5,2.7,1
1.7,Master's,78.0,6.5,94.7,6.5,1.6,1
5.1,Bachelor's,60.8,7.1,58.3,7.0,2.4,1
5.9,Bachelor's,91.2,8.8,61.6,8.0,0.5,1
0.0,High School,40.9,7.2,52.4,8.8,4.6,0
2.1,Bachelor's,77.5,4.3,84.0,3.6,0.7,0
1.6,Master's,54.1,8.7,100.0,4.5,1.8,1
0.8,Bachelor's,95.9,9.2,71.0,8.5,2.2,1
0.4,Master's,100.0,10.0,63.7,6.1,4.3,1
1.2,Master's,51.2,4.2,62.7,5.5,0.7,0
8.6,Master's,55.1,6.6,14.3,4.6,4.4,0
1.2,Bachelor's,80.5,2.5,76.9,5.7,3.0,0
2.2,Bachelor's,58.0,7.2,64.7,4.4,2.7,0
3.6,Bachelor's,64.2,5.2,70.6,9.6,1.1,0
1.4,PhD,65.5,9.7,47.8,6.5,2.8,1
10.7,Master's,30.4,4.8,54.3,6.4,1.4,0
9.8,Bachelor's,64.8,3.2,53.8,7.4,3.6,1
0.9,Master's,52.6,5.4,82.4,7.9,1.1,1
2.1,Bachelor's,56.1,2.6,54.4,7.9,2.1,0
1.1,Bachelor's,91.0,7.6,100.0,8.1,1.6,1
1.0,High School,42.4,2.5,70.6,5.6,1.1,0
0.1,Master's,79.6,6.3,36.5,6.1,3.0,1
2.8,Bachelor's,60.0,2.5,59.4,7.7,2.8,0
2.1,Master's,60.0,5.6,49.0,5.7,3.5,0
0.2,Master's,79.2,9.2,18.1,6.5,0.2,1
1.0,Master's,71.1,6.8,94.0,7.1,3.4,1
7.2,High School,75.3,4.6,76.1,7.7,5.0,1
0.8,Bachelor's,82.4,6.1,72.7,3.8,1.7,1
0.5,Bachelor's,59.0,6.2,65.3,7.6,4.3,0
2.0,Bachelor's,54.0,7.1,34.4,6.1,1.9,0
12.7,High School,45.5,3.7,52.3,7.6,0.7,1
0.8,Master's,50.1,7.3,78.8,7.7,1.9,1
3.3,Bachelor's,100.0,1.3,41.0,8.9,3.4,1
4.3,Bachelor's,87.4,5.1,11.4,8.5,1.3,0
0.8,Bachelor's,40.7,5.3,57.5,8.5,1.5,0
3.9,Bachelor's,41.2,7.3,59.2,8.7,2.9,1
1.4,Bachelor's,73.7,6.2,64.7,6.9,2.2,1
3.0,Bachelor's,74.9,3.7,76.6,6.5,2.8,1
3.0,Master's,74.9,4.4,74.8,7.8,2.5,0
2.3,Bachelor's,60.4,6.6,67.2,7.6,2.7,1
0.3,PhD,62.7,6.1,85.9,6.0,1.7,1
5.4,Master's,70.9,5.2,31.6,7.1,2.5,1
1.2,Bachelor's,66.5,5.3,72.1,6.4,1.2,0
0.6,Master's,25.1,7.5,74.5,5.2,3.6,1
0.1,Bachelor's,60.9,5.3,37.2,8.4,1.5,0
2.7,Master's,49.7,6.0,31.9,6.6,3.4,1
3.4,Bachelor's,68.2,10.0,47.1,9.6,1.9,1
0.1,Master's,100.0,3.6,48.8,4.1,2.4,1
2.2,Master's,71.6,2.9,77.1,5.7,1.7,1
0.8,Master's,59.4,7.6,49.7,6.5,1.1,1
3.1,Master's,81.6,5.0,44.9,8.2,0.3,1
0.6,Bachelor's,73.7,5.6,49.8,7.1,1.0,1
3.5,High School,72.6,4.8,84.4,7.0,1.8,1
1.5,Bachelor's,75.9,5.7,62.3,4.8,2.4,0
8.3,Bachelor's,100.0,9.1,58.4,4.8,3.3,1
0.4,Master's,44.6,7.6,59.8,7.0,1.7,1
1.3,Bachelor's,73.5,7.8,87.8,4.5,1.2,1
0.4,PhD,48.3,3.7,47.0,5.7,0.6,1
7.8,Bachelor's,75.0,4.1,88.3,7.3,2.7,1
6.3,Master's,48.5,1.1,66.2,5.0,3.7,0
0.9,Bachelor's,57.5,4.7,58.8,8.9,3.6,0
3.2,Master's,59.7,7.9,100.0,8.3,3.0,1
5.1,Master's,82.6,7.1,40.9,4.1,2.9,1
2.4,Bachelor's,81.5,5.8,54.9,5.1,4.1,1
2.3,Bachelor's,42.6,6.2,37.4,3.1,2.6,0
0.8,Master's,66.0,5.0,81.0,5.3,2.9,1
0.3,Bachelor's,52.2,6.6,95.8,7.6,1.8,1
6.8,Bachelor's,42.3,7.6,95.4,5.9,0.7,1
6.9,Bachelor's,61.1,3.3,86.5,7.2,1.4,1
3.0,Bachelor's,59.4,6.7,58.0,4.2,2.2,1
1.2,Bachelor's,100.0,7.9,54.7,7.7,2.3,1
1.3,High School,72.8,5.5,28.6,5.7,4.3,0
3.9,High School,40.2,7.5,100.0,6.5,2.3,1
6.8,Bachelor's,54.8,10.0,71.4,6.4,3.5,1
6.5,PhD,83.4,6.0,52.2,4.6,1.7,1
4.5,Bachelor's,100.0,6.9,88.6,4.8,1.9,1
3.1,PhD,36.5,4.9,42.5,8.0,0.7,0
0.3,Bachelor's,31.2,6.5,70.1,7.1,1.4,1
0.5,Bachelor's,98.7,7.0,58.5,8.1,2.8,1
6.9,Bachelor's,72.0,6.6,74.8,7.0,2.2,1
2.8,Bachelor's,49.4,4.4,60.7,6.7,3.2,0
0.0,Bachelor's,74.6,6.6,33.0,3.9,2.4,0
0.3,Bachelor's,17.6,8.8,63.5,6.1,1.8,0
3.3,Bachelor's,65.1,7.0,83.0,6.5,4.6,0
0.0,Bachelor's,70.9,7.9,61.4,9.4,2.1,1
0.5,Master's,81.6,5.8,77.5,7.5,3.5,0
2.4,Bachelor's,46.7,7.5,41.1,8.8,1.8,1
3.5,High School,66.5,6.7,61.5,7.4,3.0,1
3.2,Master's,48.3,4.5,49.5,5.4,3.2,1
0.8,Bachelor's,69.6,6.8,76.9,6.7,2.4,1
3.7,High School,48.9,4.4,62.6,6.9,0.2,0
0.8,PhD,57.7,5.1,75.8,5.1,2.2,1
1.2,High School,47.1,6.5,83.8,5.9,3.6,0
4.1,Master's,76.7,6.7,75.8,6.2,2.8,1
3.1,PhD,80.5,4.1,67.5,8.9,2.7,1
5.7,Bachelor's,60.8,8.1,42.0,3.4,0.3,0
3.2,Bachelor's,65.7,7.2,61.9,8.3,1.4,1
2.5,Bachelor's,38.9,4.9,51.3,5.1,2.7,0
0.3,Bachelor's,59.6,3.4,55.1,4.4,2.7,0
1.4,Bachelor's,64.1,5.9,54.5,8.3,3.5,1
0.9,Master's,100.0,5.4,42.4,7.6,2.0,1
0.8,High School,45.0,6.4,22.9,8.4,2.6,0
10.8,Bachelor's,91.4,5.5,48.6,7.7,2.2,1
1.5,PhD,82.9,2.6,65.9,9.6,1.1,0
6.7,Master's,70.1,5.5,35.0,7.3,0.2,1
3.0,Bachelor's,96.7,5.6,62.3,6.3,2.7,1
4.8,Bachelor's,71.7,7.3,100.0,7.0,2.4,1
2.1,Bachelor's,72.0,4.9,82.5,8.4,1.5,0
2.6,Bachelor's,64.0,9.2,94.9,5.3,0.4,1
2.0,Bachelor's,87.0,2.8,69.8,5.5,2.9,1
0.7,Bachelor's,84.7,8.6,85.4,6.0,1.9,1
3.8,Master's,53.7,5.8,47.5,3.3,2.8,1
1.0,Bachelor's,41.3,7.7,49.1,6.7,4.3,0
0.1,Bachelor's,61.3,6.3,7.2,3.7,0.2,0
3.1,Bachelor's,50.6,8.3,85.7,6.6,1.4,1
0.6,Bachelor's,63.9,5.5,92.8,7.8,2.0,1
8.5,Master's,87.3,4.2,50.9,5.8,3.8,1
9.2,Master's,56.8,8.8,56.9,9.0,0.4,1
7.4,Master's,64.2,6.0,46.9,4.3,4.3,0
1.4,High School,66.0,6.6,69.7,8.3,2.3,0
0.0,Bachelor's,80.3,8.4,84.5,7.5,2.1,1
7.9,Bachelor's,24.6,4.3,27.1,3.9,2.0,1
1.7,High School,54.1,7.3,70.2,10.0,1.7,1
10.2,Bachelor's,68.8,5.1,56.5,6.4,3.4,1
9.9,Master's,86.6,6.0,64.3,5.2,1.0,1
5.8,Bachelor's,56.1,6.3,71.2,4.4,2.6,0
1.0,Bachelor's,31.2,3.5,58.2,6.2,1.8,0
1.5,Bachelor's,76.2,4.8,59.9,6.3,1.4,1
5.7,High School,53.6,8.6,57.7,6.7,5.0,0
1.1,Bachelor's,43.6,7.8,81.4,6.1,2.7,0
0.6,PhD,53.8,6.1,70.4,7.4,2.9,1
2.4,Master's,61.7,6.6,66.4,5.9,3.5,1
8.3,PhD,54.1,5.7,36.6,3.6,0.6,1
3.6,Bachelor's,25.3,8.6,54.4,6.3,4.1,0
2.5,Bachelor's,81.1,5.8,80.0,2.9,0.2,1
0.3,Bachelor's,87.9,6.6,62.8,7.0,1.4,1
2.9,Bachelor's,76.7,8.3,75.2,5.0,1.7,1
13.8,Master's,44.5,4.8,97.3,6.7,2.8,1
0.5,High School,61.4,9.0,82.8,8.5,2.4,1
2.2,Bachelor's,64.9,3.4,63.9,5.1,2.0,0
6.3,Bachelor's,75.8,9.1,51.8,8.1,2.2,1
4.1,Bachelor's,77.0,5.5,10.9,5.8,1.1,0
3.6,Master's,51.8,5.8,58.6,9.1,0.6,1
3.6,Bachelor's,66.5,2.8,55.5,6.0,3.0,0
1.3,Bachelor's,73.2,5.4,69.8,5.2,3.0,0
1.0,Bachelor's,91.2,4.3,58.9,7.5,3.9,0
5.0,Bachelor's,77.7,5.1,55.6,5.8,1.3,1
5.0,Master's,79.2,6.0,26.4,5.2,3.0,1
6.1,Master's,66.5,7.9,43.2,5.8,1.9,1
7.3,PhD,90.4,6.6,71.5,6.4,3.5,1
2.1,Master's,72.4,6.8,96.3,8.5,3.3,1
2.1,Bachelor's,49.5,4.2,60.0,3.6,2.4,0
4.8,Master's,90.3,4.6,68.6,6.5,1.8,1
3.1,Bachelor's,77.6,9.4,81.0,7.4,3.3,0
3.6,Bachelor's,57.0,4.9,45.8,6.8,2.9,0
4.8,Master's,56.4,9.2,69.3,8.5,1.4,1
6.6,High School,70.3,5.8,47.2,6.4,0.7,1
1.2,Master's,73.3,6.2,79.3,6.2,1.9,1
1.4,Bachelor's,68.6,8.1,65.0,7.4,3.9,1
0.3,Bachelor's,70.6,8.5,68.0,6.6,3.5,1
2.6,Master's,95.6,6.0,46.3,5.9,1.0,0
0.1,Master's,84.3,5.5,76.1,7.3,0.9,1
1.9,Bachelor's,68.4,6.1,100.0,5.5,3.6,0
2.3,Bachelor's,81.9,6.8,41.8,5.6,1.0,0
1.0,High School,46.4,7.8,55.2,5.7,2.8,1
2.7,Bachelor's,72.2,6.2,66.6,8.5,1.5,0
0.1,Bachelor's,97.6,7.3,77.7,1.7,4.0,1
0.1,Master's,61.1,9.1,50.8,7.1,1.4,1
5.2,Bachelor's,49.7,6.9,5.3,6.6,3.5,0
1.3,Master's,53.3,6.8,89.2,4.0,2.4,0
0.4,High School,45.4,3.5,77.2,7.0,2.5,0
2.2,High School,50.9,1.5,27.1,7.2,0.2,0
4.4,Master's,58.3,6.9,49.8,7.4,0.2,0
0.7,High School,39.7,6.0,93.4,2.5,2.0,0
2.9,High School,65.3,5.3,91.0,8.5,2.5,0
0.3,High School,81.2,6.6,80.8,5.4,1.0,0
0.2,PhD,48.7,6.1,58.5,7.5,1.0,1
2.3,Master's,92.3,8.2,63.7,7.6,2.8,1
2.3,Bachelor's,74.2,6.4,59.4,5.2,2.8,0
3.0,Bachelor's,83.6,4.9,84.6,7.5,2.0,0
3.9,Bachelor's,53.2,8.0,44.5,5.9,3.1,1
11.2,Master's,80.4,5.8,45.9,3.4,0.9,1
2.2,Master's,45.3,7.1,82.2,8.3,1.8,0
1.2,Bachelor's,81.0,5.3,61.1,5.3,4.0,0
4.8,Bachelor's,68.1,5.0,89.6,5.2,2.3,1
0.9,High School,75.0,6.4,48.6,5.9,2.3,1
1.7,Master's,43.8,6.2,60.9,6.9,4.7,0
0.2,Master's,48.9,7.1,43.6,6.4,0.7,0
0.1,Bachelor's,75.8,5.7,62.1,7.3,3.1,1
9.9,High School,47.9,2.9,32.4,4.5,4.0,0
5.4,High School,73.3,5.4,52.2,5.4,1.8,0
3.6,PhD,40.4,7.6,33.3,6.3,3.1,1
1.6,Bachelor's,80.3,5.7,75.9,9.3,1.1,1
0.6,Master's,42.8,5.8,76.3,6.3,1.4,1
0.5,Bachelor's,74.9,8.0,27.4,8.1,2.6,0
0.9,Bachelor's,76.3,4.9,88.7,6.6,3.1,1
2.4,Bachelor's,52.5,3.4,100.0,5.8,3.4,1
3.8,Bachelor's,75.5,5.9,62.9,6.1,3.9,1
3.2,Bachelor's,69.7,5.3,49.2,6.2,2.1,1
1.0,Master's,55.3,4.5,100.0,7.4,3.5,1
9.3,Bachelor's,46.8,5.9,35.6,8.6,1.8,0
4.0,Bachelor's,29.7,7.1,62.4,7.0,3.2,0
2.4,High School,71.3,6.2,65.6,8.3,2.4,1
2.8,PhD,36.8,6.8,88.9,5.1,2.7,1
1.6,Master's,66.7,9.5,69.2,5.9,2.7,1
0.9,Bachelor's,60.3,5.6,52.0,5.4,0.4,1
1.3,PhD,77.2,6.7,43.0,7.0,1.0,0
4.3,Bachelor's,59.6,5.3,55.2,6.0,2.3,1
0.0,Bachelor's,59.1,4.7,41.9,7.6,0.3,0
0.4,Master's,78.2,5.1,63.0,5.1,3.1,1
0.1,Master's,71.0,5.3,50.7,6.6,3.2,0
0.1,Master's,70.7,6.8,32.1,7.5,2.6,1
5.8,Bachelor's,73.4,10.0,87.1,3.4,1.0,1
3.6,Bachelor's,37.4,4.9,52.0,9.7,3.7,0
1.9,Master's,78.6,5.5,36.6,6.1,4.4,1
0.3,Bachelor's,76.0,6.1,58.6,3.5,2.4,1
2.0,Bachelor's,46.7,6.9,63.4,6.7,2.8,0
1.9,Bachelor's,60.6,6.7,27.1,6.6,2.4,0
0.6,Bachelor's,64.3,8.5,68.6,6.4,2.8,1
1.7,Bachelor's,62.6,1.8,41.1,8.0,2.1,0
1.5,Master's,71.0,1.9,96.2,7.6,2.2,1
2.9,Bachelor's,90.8,5.3,72.5,6.9,3.2,1
3.0,Bachelor's,84.5,8.2,54.0,7.2,4.8,1
0.1,Bachelor's,41.4,3.4,47.1,6.3,0.7,0
1.4,Master's,76.2,1.0,59.9,9.2,2.1,1
2.9,Bachelor's,88.9,7.2,74.3,4.3,0.9,1
2.1,Bachelor's,72.0,6.6,61.5,6.7,4.0,1
5.8,Master's,84.6,4.2,57.7,6.6,1.6,1
3.2,Master's,100.0,4.4,63.2,7.7,0.6,1
0.5,Master's,83.4,4.5,49.9,5.2,2.9,1
0.2,Master's,69.5,6.4,55.1,3.9,4.1,1
3.1,Bachelor's,83.8,5.1,20.3,6.7,2.9,1
0.1,Master's,67.6,7.1,81.5,6.9,2.4,1
2.6,Bachelor's,65.4,1.1,68.0,8.7,2.7,0
8.5,Master's,58.7,4.7,46.5,4.6,3.8,1
2.6,Master's,93.1,4.2,100.0,8.2,1.2,1
1.5,Master's,50.3,5.7,63.7,10.0,2.1,1
3.1,Master's,92.6,5.2,41.3,5.9,1.7,1
1.8,Bachelor's,74.0,7.6,79.1,4.6,0.9,1
2.4,Bachelor's,39.8,2.9,70.0,5.9,1.8,0
8.5,PhD,71.6,6.3,69.9,6.5,3.4,1
1.5,Master's,27.2,7.2,53.5,7.3,2.8,0
9.7,High School,76.3,9.5,71.0,5.6,2.9,1
7.1,Bachelor's,80.9,5.3,56.8,8.8,2.4,0
0.7,Bachelor's,54.3,6.8,73.1,4.8,2.8,1
0.2,Master's,67.2,3.0,23.9,3.9,1.3,0
0.3,Master's,100.0,1.9,53.3,8.2,1.9,1
0.1,Bachelor's,55.9,7.7,96.4,3.1,2.4,1
0.3,Bachelor's,45.9,6.2,46.7,6.2,2.5,0
3.4,Master's,91.7,8.3,49.9,10.0,2.6,1
0.2,Master's,100.0,3.7,53.0,6.5,2.0,1
1.2,Bachelor's,65.1,7.1,37.7,4.8,1.8,1
5.6,Bachelor's,83.2,9.6,17.8,6.4,5.7,1
0.1,Bachelor's,89.1,7.0,57.4,6.4,3.2,1
5.1,Bachelor's,51.6,6.7,64.7,6.7,2.7,1
1.0,Bachelor's,56.3,6.2,60.9,7.5,1.9,0
0.4,Master's,87.2,3.4,59.1,4.9,1.7,1
3.6,Master's,95.3,8.6,62.9,9.0,2.1,1
3.0,Bachelor's,75.1,5.1,82.5,6.9,2.5,0
6.3,Master's,49.2,7.1,58.2,7.6,0.2,0
4.0,Bachelor's,100.0,3.4,50.5,5.6,0.5,0
4.9,Bachelor's,55.4,4.1,56.4,8.4,1.5,1
1.0,High School,59.0,8.8,73.6,6.1,2.4,1
0.6,Bachelor's,71.2,5.6,90.2,6.9,1.9,1
4.2,Master's,93.0,8.8,49.4,5.1,3.8,1
4.9,PhD,80.4,6.1,64.0,5.0,0.6,1
14.0,High School,72.5,2.9,68.8,7.5,1.4,1
1.6,Bachelor's,73.3,7.8,42.1,5.8,3.9,0
1.4,Master's,65.8,5.1,62.4,5.2,2.3,0
4.5,Bachelor's,75.0,7.5,32.7,5.5,3.2,1
1.3,Bachelor's,19.5,6.2,26.6,7.5,4.5,1
8.0,Master's,59.7,3.4,69.3,5.6,1.4,0
5.9,Bachelor's,69.3,6.5,54.3,6.3,2.1,0
1.7,Bachelor's,44.3,10.0,66.0,6.5,1.9,1
4.2,Bachelor's,72.0,7.1,61.6,3.6,0.2,1
4.2,Master's,61.3,6.1,42.5,4.3,1.9,1
0.3,Bachelor's,96.6,8.1,61.1,7.0,3.2,1
7.0,High School,93.3,6.6,37.3,5.4,2.8,1
2.1,Master's,56.6,6.6,89.8,8.1,2.9,1
5.3,High School,62.3,4.2,34.9,8.0,1.8,0
1.2,Master's,63.7,6.6,58.1,7.6,1.5,1
6.8,Bachelor's,56.9,8.1,41.2,9.2,3.6,0
1.5,PhD,68.5,4.7,73.4,6.4,1.7,1
0.0,Bachelor's,51.4,8.8,55.4,7.5,2.5,1
7.1,Bachelor's,44.6,6.0,51.6,5.6,2.4,0
0.3,Bachelor's,76.2,4.6,79.1,10.0,3.8,1
1.2,Bachelor's,76.3,8.0,62.6,9.5,3.3,1
9.0,Master's,50.5,5.7,72.3,6.5,0.8,1
9.0,PhD,81.1,7.6,42.4,7.1,0.9,1
2.6,Bachelor's,53.6,5.7,33.9,8.5,2.8,0
3.0,Bachelor's,69.6,6.1,64.1,6.3,2.1,1
1.8,Master's,79.8,7.1,55.6,5.5,1.7,1
1.0,Master's,64.4,6.7,74.5,7.8,3.3,1
1.2,Bachelor's,73.2,2.6,60.4,6.6,2.4,0
3.3,Bachelor's,55.7,4.2,66.1,6.8,2.3,0
4.2,Bachelor's,61.5,7.9,29.5,5.2,3.1,1
4.7,Master's,61.3,6.0,99.8,3.9,1.8,1
4.7,High School,51.6,5.3,58.7,6.9,3.9,0
0.3,Bachelor's,61.8,3.8,76.0,7.9,1.3,1
2.0,Bachelor's,37.1,4.3,45.3,6.2,2.9,0
0.2,Master's,56.2,2.6,68.2,8.7,3.8,0
2.4,High School,59.9,6.0,35.9,5.4,0.7,0
1.7,Bachelor's,60.4,5.1,71.0,4.9,1.8,0
6.6,Bachelor's,60.7,4.5,54.9,6.4,3.5,1
1.3,Bachelor's,63.9,6.1,62.6,6.4,3.5,1
0.4,High School,73.6,6.9,76.0,7.7,2.0,1
0.5,Bachelor's,80.7,10.0,37.3,5.3,1.4,1
4.3,Bachelor's,53.3,3.5,48.3,8.6,3.3,0
2.9,Bachelor's,43.3,8.3,71.1,9.5,3.5,1
0.3,Bachelor's,46.2,8.0,100.0,6.4,0.9,1
0.3,Master's,56.2,4.8,59.2,8.4,0.9,1
3.6,Master's,58.7,6.6,73.8,4.9,2.4,1
0.2,Bachelor's,51.1,5.4,59.9,8.1,2.9,0
5.2,Master's,41.7,6.5,100.0,8.1,1.9,1
3.7,Bachelor's,56.8,8.9,27.1,7.8,2.9,0
0.3,High School,68.3,7.3,63.9,6.5,1.4,0
0.3,High School,75.7,7.1,29.5,2.1,0.2,0
12.9,Bachelor's,55.0,5.4,11.9,5.5,1.7,0
1.4,Master's,57.6,3.5,67.9,5.6,2.3,0
1.4,Master's,48.3,5.8,64.8,5.0,1.9,0
5.0,Master's,64.4,8.4,56.3,6.7,0.9,1
8.8,Bachelor's,49.7,3.5,59.9,5.9,0.2,0
12.8,Bachelor's,75.3,4.3,100.0,5.3,1.6,0
4.2,Bachelor's,32.9,6.4,56.8,4.9,3.2,1
1.4,Bachelor's,58.5,4.4,72.2,5.4,3.6,1
0.3,Bachelor's,70.4,4.8,49.0,8.2,3.5,1
4.5,High School,68.3,5.4,67.9,5.5,1.3,1
2.5,Bachelor's,100.0,3.7,57.2,5.7,0.9,0
1.7,Bachelor's,71.3,4.4,53.8,5.8,2.7,1
7.1,Master's,46.9,7.5,98.4,7.0,2.9,1
0.4,PhD,63.3,3.8,85.5,7.2,2.6,1
2.0,Master's,33.0,3.3,64.7,1.9,0.2,0
0.0,Bachelor's,63.5,5.1,15.9,8.0,1.2,0
1.9,Bachelor's,50.0,7.5,54.8,8.7,2.2,1
0.2,Bachelor's,81.5,5.8,100.0,4.9,2.7,1
0.4,Master's,55.1,5.4,57.4,5.0,3.0,1
0.4,Bachelor's,62.9,6.3,84.1,5.8,2.4,1
3.1,Bachelor's,53.6,3.1,90.8,5.4,2.6,0
4.1,Master's,96.3,7.1,66.4,6.8,2.3,1
2.6,Bachelor's,59.2,6.9,45.2,3.6,3.0,1
9.8,Bachelor's,98.0,5.5,13.3,4.8,2.5,1
1.4,Bachelor's,79.7,8.0,75.7,8.8,2.3,1
1.0,Bachelor's,73.7,4.2,45.7,5.1,1.9,1
6.1,Bachelor's,71.6,8.2,65.5,8.4,2.3,1
0.8,Bachelor's,72.1,6.5,37.0,7.0,2.7,1
9.9,High School,30.3,5.6,56.7,3.8,2.5,1
0.0,High School,60.0,6.2,62.7,7.5,2.6,0
10.5,Master's,80.2,6.0,67.4,6.3,3.7,1
0.1,Bachelor's,64.1,8.4,39.7,5.8,2.5,1
6.7,Bachelor's,39.7,4.3,85.9,6.9,1.5,0
2.3,Bachelor's,64.1,4.8,50.1,7.2,3.2,1
14.9,Master's,95.7,8.1,28.5,7.6,0.7,1
0.2,Bachelor's,87.4,5.1,59.8,8.3,1.0,1
2.4,Bachelor's,63.9,7.8,62.7,7.1,2.6,1
10.5,Master's,82.1,9.3,65.2,4.4,2.8,1
2.2,Master's,58.4,5.5,89.2,5.8,0.8,1
3.0,Bachelor's,34.3,7.4,57.3,10.0,1.8,0
3.6,Master's,48.4,4.1,59.6,7.6,1.5,0
1.8,Bachelor's,93.1,7.6,39.9,10.0,1.7,1
3.0,Bachelor's,60.1,6.6,78.4,8.6,3.2,1
2.6,Bachelor's,60.6,7.1,65.7,6.9,3.0,1
6.9,High School,59.6,5.0,53.6,7.0,2.2,0
0.1,Master's,99.3,3.2,23.9,6.4,1.6,0
1.0,Bachelor's,94.3,7.1,90.9,3.9,0.7,1
9.0,Bachelor's,100.0,2.5,37.4,6.5,3.8,1
6.6,Master's,62.1,5.6,50.2,8.3,2.9,0
1.8,Master's,70.3,7.9,69.2,5.6,1.4,1
2.9,Bachelor's,37.7,6.5,38.1,7.1,3.0,0
1.0,Bachelor's,91.6,9.7,32.1,7.8,2.1,1
0.6,Bachelor's,44.0,8.0,19.5,5.1,1.9,0
1.9,Master's,68.9,5.0,76.4,5.8,2.7,1
1.3,Master's,45.2,6.2,51.1,5.0,1.4,0
2.6,PhD,54.4,6.1,100.0,5.3,1.8,1
0.2,High School,49.9,3.4,42.1,4.6,2.3,0
11.0,High School,54.1,4.5,43.6,5.1,1.7,1
12.9,Bachelor's,55.3,5.2,50.7,8.6,2.9,1
3.6,Bachelor's,55.1,2.5,66.9,5.1,4.3,0
2.3,Bachelor's,80.0,6.3,52.6,6.7,1.4,0
1.1,Master's,45.1,5.8,74.2,5.7,0.4,0
5.0,Bachelor's,69.0,3.2,42.4,8.3,0.2,0
3.5,Bachelor's,86.9,6.9,34.4,8.5,2.0,1
0.5,Master's,55.8,7.5,26.0,7.8,1.5,1
7.3,Bachelor's,52.1,6.6,17.5,7.0,2.4,1
5.2,Master's,60.9,5.6,51.6,6.2,2.3,0
9.0,High School,86.2,7.3,56.0,4.7,0.4,1
3.9,Bachelor's,68.5,7.4,49.4,9.4,0.2,1
2.9,High School,55.4,6.8,86.9,5.4,2.5,1
1.6,High School,73.7,4.7,86.6,7.5,2.3,0
8.1,Master's,45.2,6.7,55.3,8.1,1.7,1
6.0,Bachelor's,77.3,8.4,26.1,5.7,0.4,0
0.1,Bachelor's,72.4,5.1,50.7,8.1,2.7,0
0.1,Bachelor's,59.5,10.0,50.0,7.6,3.6,1
1.4,Bachelor's,49.9,5.3,48.9,9.1,2.5,0
5.0,Master's,49.0,6.3,48.0,5.8,1.3,1
13.1,High School,74.6,5.0,48.9,4.6,2.2,0
0.5,Master's,87.1,6.6,54.3,5.7,0.7,1
2.7,PhD,53.5,3.1,49.3,6.8,3.4,0
1.4,Bachelor's,73.3,5.2,66.2,6.6,2.3,1
10.5,Master's,27.4,4.2,69.2,5.9,0.3,1
5.5,High School,54.5,6.4,43.8,3.6,1.9,0
5.5,Bachelor's,64.4,8.0,87.4,7.2,2.7,1
1.9,Bachelor's,48.6,7.4,42.4,9.5,1.8,1
1.6,Master's,48.1,1.9,29.6,7.2,1.9,0
1.0,PhD,53.0,9.9,69.6,7.4,0.9,1
0.2,Bachelor's,70.3,6.7,45.7,7.4,2.8,1
6.0,Master's,61.6,4.8,68.4,7.1,1.5,1
5.0,Bachelor's,24.7,6.5,13.9,7.9,0.2,1
20.0,Bachelor's,26.8,6.5,89.8,7.1,1.8,1
17.1,Bachelor's,54.1,5.0,75.4,6.0,3.3,1
2.4,PhD,73.2,6.6,32.0,5.3,1.8,1
4.4,Bachelor's,15.5,5.1,32.4,6.1,4.1,0
8.7,Bachelor's,56.0,5.5,95.4,7.0,2.7,1
5.7,Bachelor's,55.5,5.0,47.3,6.0,2.6,0
0.9,Bachelor's,90.0,3.6,45.3,7.0,2.1,0
1.8,Bachelor's,58.1,6.5,16.7,7.2,2.1,1
0.4,Bachelor's,71.9,7.3,55.0,7.7,1.9,1
9.2,Master's,67.5,7.1,57.4,8.4,1.9,0
2.8,Bachelor's,26.6,7.7,76.3,6.6,2.8,1
0.8,Bachelor's,78.8,6.8,34.0,4.5,1.2,1
3.3,Bachelor's,68.9,5.2,31.6,6.0,1.0,0
2.9,Master's,74.1,7.7,71.0,6.6,1.0,1
1.3,Master's,100.0,3.8,82.1,3.7,4.5,1
0.4,High School,27.5,4.6,30.6,8.6,2.8,0
3.3,Master's,96.0,4.5,83.6,6.7,2.5,1
2.2,Bachelor's,59.8,8.1,62.8,7.1,1.0,1
4.4,High School,70.2,7.9,83.8,8.5,2.9,0
2.2,Bachelor's,64.2,7.1,60.6,5.6,2.1,1
5.7,Bachelor's,57.4,8.1,11.6,7.4,2.4,1
2.4,Bachelor's,54.7,4.6,59.0,6.3,1.1,1
2.5,Master's,70.9,6.8,83.2,6.2,2.4,1
6.3,Master's,37.7,6.0,44.1,5.3,1.7,0
1.5,Master's,78.5,7.7,54.2,9.0,1.4,1
0.4,Bachelor's,57.5,6.0,58.5,5.9,3.0,0
0.1,Bachelor's,44.7,5.5,4.0,7.5,0.5,0
4.2,Master's,56.9,7.2,95.4,3.7,2.8,1
2.9,Bachelor's,87.6,7.8,44.0,8.3,3.0,1
3.7,High School,55.4,5.0,72.1,8.1,1.2,0
0.7,Bachelor's,71.5,6.1,60.3,6.6,1.3,1
0.4,Master's,51.8,4.3,87.2,6.2,2.0,0
0.0,Bachelor's,78.6,1.7,70.1,7.1,2.5,0
1.3,High School,77.3,6.6,57.3,9.9,2.0,1
2.7,Master's,98.3,7.3,44.1,3.9,2.7,1
1.5,Bachelor's,61.8,6.7,78.0,7.7,4.1,1
1.7,Bachelor's,77.0,2.7,24.5,5.1,1.6,0
7.0,Bachelor's,66.8,5.6,74.9,6.5,0.3,1
1.3,Bachelor's,88.3,2.2,40.0,6.1,3.1,0
2.2,Master's,52.1,8.7,87.0,5.9,4.1,1
4.6,Bachelor's,78.4,4.2,65.2,6.5,2.6,1
1.5,Bachelor's,61.5,8.5,74.9,4.8,1.0,1
2.9,Master's,63.8,7.9,63.6,8.0,2.1,1
5.9,Master's,66.7,4.6,27.0,3.8,1.0,0
9.0,Master's,69.5,4.2,44.8,7.3,2.9,1
0.5,Bachelor's,62.9,6.8,75.4,6.0,0.7,1
7.8,Bachelor's,68.9,4.7,65.3,4.7,1.9,0
2.0,PhD,93.4,6.4,85.6,6.8,1.1,1
0.9,Master's,82.7,5.3,70.1,4.2,2.3,0
1.8,High School,80.6,3.0,42.7,6.6,1.8,0
11.7,High School,56.8,2.2,46.1,4.4,2.4,1
2.0,Bachelor's,49.0,6.6,64.1,7.2,2.2,1
1.2,Master's,82.2,5.2,15.7,5.1,1.1,0
3.0,Bachelor's,80.8,5.2,95.5,5.8,2.9,1
0.8,Bachelor's,91.5,7.5,70.8,6.9,2.1,1
0.2,Bachelor's,54.1,8.3,86.5,5.3,1.1,0
0.4,Master's,60.9,5.7,30.4,6.4,4.7,0
0.4,Master's,35.5,5.6,86.9,4.2,2.7,1
0.5,Bachelor's,57.9,7.1,100.0,7.4,2.0,1
0.4,Master's,82.9,3.8,35.6,9.1,3.8,0
3.1,PhD,56.6,6.6,77.4,10.0,4.2,1
0.6,Bachelor's,76.5,7.2,62.0,6.6,2.0,1
1.3,Bachelor's,61.6,7.4,31.1,7.7,2.6,0
6.8,Bachelor's,70.8,2.7,71.9,3.8,1.1,1
1.9,Master's,44.3,4.8,78.7,8.8,2.0,1
3.3,Bachelor's,66.5,4.6,50.0,7.7,2.0,1
0.6,Bachelor's,11.2,6.4,85.3,5.8,2.4,0
0.6,Master's,61.6,7.1,28.7,8.4,2.6,0
0.1,Bachelor's,35.7,8.9,32.1,6.1,2.8,0
0.6,Master's,86.7,5.3,64.7,5.8,2.5,1
1.0,Bachelor's,79.0,5.3,62.5,7.2,0.9,0
0.6,Bachelor's,73.4,8.3,47.7,4.9,1.2,1
0.3,Master's,92.4,6.7,78.2,8.0,1.6,1
0.4,Master's,47.9,8.5,72.6,4.9,1.9,0
1.9,Bachelor's,96.5,6.7,79.2,4.9,3.4,1
0.7,Master's,81.8,4.1,59.5,5.1,0.9,0
1.4,Master's,60.7,3.8,74.1,7.6,1.8,1
2.1,Bachelor's,85.4,3.4,53.1,5.6,3.2,0
3.5,PhD,45.1,7.4,100.0,4.5,1.9,1
0.1,Bachelor's,50.2,8.3,45.7,5.6,2.7,0
4.8,Bachelor's,54.0,9.5,100.0,6.5,2.0,1
3.0,Bachelor's,55.5,7.7,62.7,4.7,2.5,0
0.3,Master's,46.0,8.3,34.5,4.8,1.9,0
6.2,Master's,87.0,5.2,89.4,9.7,2.9,1
7.6,Bachelor's,60.3,4.1,64.5,5.2,0.5,0
0.2,Bachelor's,71.3,7.7,79.0,6.0,1.8,1
1.0,Bachelor's,54.7,7.0,86.5,5.9,2.5,1
4.9,High School,32.2,6.4,68.8,5.9,2.8,1
4.1,Master's,69.9,6.9,50.2,7.4,3.8,1
0.6,Master's,30.6,6.8,81.5,7.9,1.8,1
0.7,Bachelor's,63.8,8.5,62.0,6.0,3.8,1
1.4,PhD,40.4,8.5,75.7,4.6,1.5,1
2.0,Bachelor's,100.0,7.2,18.9,8.4,3.7,0
2.9,PhD,81.4,7.7,70.9,6.4,3.1,1
1.4,Master's,66.9,7.1,49.2,9.1,1.2,0
1.9,Bachelor's,87.7,5.4,95.1,3.1,2.5,0
4.1,Bachelor's,49.8,7.6,74.5,6.8,2.1,1
0.1,Master's,74.8,3.7,66.8,9.4,2.9,1
0.9,Bachelor's,68.6,8.1,71.7,6.0,2.0,1
3.7,Bachelor's,69.8,4.0,42.0,6.2,1.9,1
6.8,High School,87.9,6.7,94.5,6.9,3.7,1
2.2,Bachelor's,78.2,4.7,100.0,5.7,2.1,0
2.3,Bachelor's,70.2,7.2,69.9,6.0,3.1,1
0.3,Master's,35.2,6.1,93.8,6.0,2.0,1
1.8,Master's,47.7,3.3,50.6,5.6,4.0,0
2.3,High School,62.8,7.0,46.1,8.3,1.5,0
0.8,Master's,66.7,5.2,62.8,7.2,1.5,1
0.9,Bachelor's,44.7,7.8,70.7,6.9,3.9,0
1.4,Master's,100.0,6.2,54.1,7.7,1.7,1
0.1,Master's,92.3,6.9,72.8,6.1,4.0,1
1.2,Bachelor's,75.8,4.5,68.1,5.3,3.2,1
0.7,Master's,66.3,5.1,42.0,5.6,2.0,0
1.2,Bachelor's,61.2,5.4,72.4,6.5,0.2,0
0.4,Bachelor's,47.9,7.7,79.3,4.9,2.2,0
6.6,Master's,66.4,9.2,65.4,5.7,2.3,1
2.7,Bachelor's,69.6,4.8,85.1,5.7,3.5,0
3.4,Bachelor's,42.6,8.1,37.7,9.7,3.9,1
4.7,Bachelor's,71.0,2.3,71.4,2.3,1.4,1
2.1,Master's,62.2,4.1,38.6,6.2,3.1,0
0.3,Bachelor's,30.7,4.5,39.7,9.1,3.0,1
2.3,Bachelor's,49.5,3.8,49.4,6.7,3.4,1
2.7,Master's,57.6,3.3,43.2,7.6,2.7,1
4.1,Master's,99.0,6.9,51.0,6.6,0.2,1
1.7,Bachelor's,75.0,5.8,57.7,5.5,2.0,1
0.4,Bachelor's,41.0,6.9,78.7,3.1,0.9,1
1.0,Bachelor's,73.7,7.4,55.6,6.8,2.0,1
1.4,Bachelor's,37.1,6.7,30.3,5.3,3.3,0
3.1,Bachelor's,84.5,7.4,84.8,5.3,2.5,1
2.5,Master's,56.5,6.1,45.3,5.8,3.5,0
1.3,Master's,63.3,4.1,60.8,9.1,2.6,0
12.9,Bachelor's,88.9,8.1,70.9,10.0,0.8,1
2.8,Bachelor's,41.8,5.1,66.0,6.8,0.2,0
0.8,Master's,39.9,4.5,83.9,5.8,2.4,0
0.3,Bachelor's,54.5,5.9,71.6,4.7,2.0,0
0.5,PhD,83.7,4.6,44.8,7.2,1.1,1
0.8,Bachelor's,37.7,5.4,100.0,9.2,0.3,0
0.5,Bachelor's,14.0,6.8,65.9,6.1,1.4,1
0.6,Master's,56.9,6.8,59.1,2.9,2.0,0
1.0,Bachelor's,74.9,4.6,81.3,7.5,2.9,1
0.6,Master's,86.6,5.3,67.0,8.0,2.4,1
6.8,High School,56.7,8.1,70.0,4.1,4.0,1
0.3,Bachelor's,57.6,7.1,100.0,6.8,1.1,0
2.2,Master's,85.8,9.9,56.5,7.2,3.2,1
1.6,Bachelor's,31.3,8.3,55.6,6.4,2.3,1
12.1,Master's,58.0,8.3,64.3,5.3,3.0,1
0.4,Bachelor's,68.4,3.7,83.4,8.0,1.7,0
1.5,Bachelor's,73.1,7.6,31.9,5.9,3.4,0
10.5,Master's,55.8,6.1,22.7,4.3,2.5,1
6.0,Bachelor's,65.6,5.2,50.3,3.4,1.5,0
5.1,Bachelor's,20.2,6.5,29.3,8.4,2.2,1
0.9,Bachelor's,53.2,7.9,53.5,7.4,1.9,0
0.6,High School,73.2,7.1,72.0,6.6,2.7,0
3.3,Bachelor's,47.3,4.6,44.2,5.8,0.9,0
8.0,Master's,66.1,7.5,33.5,5.7,2.2,0
2.4,Master's,73.0,5.1,63.4,4.9,2.6,0
2.5,Master's,58.8,6.6,79.3,5.9,2.2,1
1.0,Master's,68.1,5.7,28.1,3.3,3.7,0
4.4,Master's,47.7,5.8,78.4,5.4,3.1,0
0.6,Master's,61.3,7.6,78.3,6.0,2.2,1
1.2,Bachelor's,76.0,4.3,81.1,7.4,2.4,0
1.7,Master's,67.8,9.7,86.4,6.4,2.5,1
2.1,Master's,54.4,2.9,100.0,7.7,2.6,1
0.8,Bachelor's,69.0,5.1,54.9,8.5,0.2,0
0.4,Bachelor's,77.9,6.9,64.2,8.1,1.9,1
2.8,Bachelor's,28.1,7.3,53.7,7.2,0.6,0
1.0,Bachelor's,85.9,6.0,62.0,6.5,3.6,1
2.6,Master's,58.9,6.1,92.7,5.0,2.1,1
0.5,Bachelor's,72.7,6.9,35.1,7.6,2.0,0
2.0,Bachelor's,86.6,5.8,44.8,9.0,3.2,1
2.3,PhD,40.3,8.7,89.5,7.0,2.7,1
0.2,Bachelor's,52.2,7.7,82.4,9.4,1.0,0
1.2,Bachelor's,59.8,7.8,54.7,4.2,2.1,0
0.4,High School,50.9,4.5,79.1,4.8,1.8,0
0.2,Master's,96.2,6.1,68.8,7.8,0.3,1
13.8,Master's,49.6,5.7,92.0,6.9,1.4,1
1.2,Bachelor's,55.0,4.4,63.5,8.5,2.0,1
5.0,Master's,68.7,6.8,82.5,6.5,2.1,1
0.9,Bachelor's,43.4,5.2,100.0,5.2,0.6,0
3.4,Master's,57.9,7.4,74.0,6.2,3.5,1
4.3,Master's,70.7,4.3,63.0,4.2,2.1,0
2.7,Master's,59.0,9.3,76.4,4.8,2.2,1
1.9,High School,63.3,4.6,54.7,8.0,2.6,0
1.6,PhD,55.5,6.6,100.0,7.8,1.3,1
1.3,Master's,37.7,7.6,65.6,7.0,2.7,1
8.0,Bachelor's,70.8,5.2,56.5,3.9,1.8,0
5.3,Master's,96.6,7.7,45.3,6.0,1.2,1
10.1,Bachelor's,65.3,4.0,83.9,4.7,2.8,1
0.4,Master's,69.1,8.8,79.3,8.3,3.8,1
3.9,Bachelor's,77.5,6.2,52.1,5.6,3.0,1
8.4,Master's,42.2,5.1,73.5,4.9,3.2,0
0.6,Bachelor's,95.6,5.7,31.8,6.5,1.6,0
0.2,High School,68.6,7.7,65.7,5.5,0.4,0
4.1,Bachelor's,94.4,5.1,71.1,8.7,3.8,1
2.6,High School,51.8,4.9,96.1,5.4,4.5,0
5.5,Bachelor's,97.7,5.8,46.6,4.4,3.9,1
0.5,Bachelor's,79.0,4.1,36.4,3.3,1.8,0
4.8,Bachelor's,75.0,9.5,44.1,6.5,0.9,1
0.7,Bachelor's,69.2,5.2,35.3,5.7,1.0,0
0.5,Bachelor's,60.5,7.7,88.7,4.4,0.3,1
0.5,Master's,86.6,6.6,93.0,8.3,2.1,1
5.1,High School,67.5,4.4,68.4,7.5,4.0,1
3.3,Master's,29.6,6.2,86.4,6.5,2.0,0
2.2,Master's,44.9,7.6,64.7,8.5,2.5,0
1.3,Master's,61.7,5.9,60.1,7.5,3.7,0
6.3,Bachelor's,70.6,8.3,55.3,5.3,1.8,0
1.5,Master's,64.0,8.0,55.8,4.9,4.4,1
5.1,Bachelor's,86.9,7.9,31.0,7.7,4.4,1
1.7,High School,29.9,5.4,67.3,7.1,2.1,0
1.4,Bachelor's,67.6,4.3,61.2,6.8,1.6,0
1.9,Master's,32.3,5.1,76.9,5.2,3.0,0
1.1,High School,78.7,6.6,63.9,7.4,1.8,0
4.1,Bachelor's,63.3,7.2,58.7,5.4,0.9,1
2.1,PhD,72.6,2.3,44.6,6.3,3.6,1
0.8,Master's,49.5,6.2,63.4,8.7,3.5,1
6.9,Bachelor's,88.0,6.5,76.8,5.5,2.4,1
1.5,High School,83.8,5.7,39.1,4.1,0.8,0
2.4,Master's,75.5,8.5,63.7,4.9,0.8,1
7.1,Bachelor's,62.7,7.0,66.7,8.0,2.3,1
2.9,Bachelor's,75.4,8.6,47.6,6.9,1.7,1
0.4,High School,52.3,5.8,50.2,6.3,1.8,1
8.4,Master's,80.4,7.9,66.6,5.7,3.3,1
3.0,Master's,94.7,9.1,39.3,7.2,3.0,1
1.2,Master's,84.3,8.6,69.0,5.2,3.7,1
0.4,Master's,51.9,4.2,44.1,7.0,1.1,0
4.7,Bachelor's,71.5,5.7,83.3,5.4,1.8,0
2.9,Bachelor's,41.7,5.6,100.0,5.2,3.0,1
2.3,Bachelor's,75.3,7.1,44.8,5.5,2.7,1
6.7,Bachelor's,73.1,7.4,72.7,5.9,3.9,1
4.7,Bachelor's,31.3,4.7,47.5,6.4,2.7,0
0.5,Master's,44.1,6.3,82.8,6.9,4.2,1
1.1,Bachelor's,59.9,2.6,36.7,1.0,2.8,0
0.9,Master's,59.6,8.8,71.6,5.3,3.4,1
4.1,Bachelor's,43.2,5.3,44.5,5.9,1.8,0
0.1,Bachelor's,72.0,6.3,57.9,8.8,2.2,1
2.5,Bachelor's,69.5,5.6,41.4,4.9,3.2,1
4.3,Bachelor's,61.5,8.3,78.4,6.7,4.0,1
6.3,Master's,51.4,1.1,45.3,8.7,3.0,0
1.3,Bachelor's,83.9,6.2,73.0,4.5,2.1,1
5.2,Bachelor's,94.8,6.0,55.1,7.1,3.7,0
0.4,Bachelor's,56.3,5.4,59.7,5.3,0.2,0
5.6,Bachelor's,54.0,9.3,65.0,5.7,0.6,1
0.4,Bachelor's,73.8,4.6,46.8,5.3,2.9,0
1.5,Master's,58.6,7.6,66.2,5.4,2.2,1
4.8,PhD,62.5,6.8,92.6,10.0,2.9,1
0.5,Bachelor's,78.3,8.5,46.4,7.8,2.3,1
0.8,Master's,30.6,5.0,85.4,8.2,2.8,1
3.8,Bachelor's,88.7,4.9,92.0,7.2,1.3,1
3.8,Bachelor's,66.3,8.2,45.7,4.1,2.8,1
3.1,High School,57.6,7.0,32.9,7.1,3.3,1
3.6,Bachelor's,63.4,3.4,68.0,8.1,3.5,1
2.3,Bachelor's,64.3,5.2,51.1,5.2,4.4,0
0.9,Bachelor's,33.8,6.9,99.4,7.9,2.5,1
1.3,High School,91.9,7.7,62.7,7.6,2.5,0
0.6,Bachelor's,65.7,5.0,46.0,9.3,0.5,1
7.2,Bachelor's,73.0,1.0,39.1,5.9,1.6,0
2.6,PhD,82.1,7.1,83.8,4.9,2.0,1
1.5,Bachelor's,46.6,4.0,50.6,6.0,3.4,0
1.9,Bachelor's,73.5,2.6,62.9,8.7,1.5,0
8.8,Bachelor's,60.2,1.1,81.1,3.8,3.1,0
0.5,Bachelor's,80.2,7.7,52.3,3.4,2.2,1
2.6,Bachelor's,26.7,6.4,61.1,6.6,2.0,0
2.1,Bachelor's,63.2,5.8,61.7,5.8,2.5,1
2.8,Bachelor's,54.1,8.7,75.7,6.5,1.8,1
0.1,High School,72.8,7.3,73.8,7.9,1.7,0
6.2,High School,73.5,9.1,57.6,5.7,0.3,1
8.1,Bachelor's,52.3,3.7,63.3,3.7,1.9,1
2.5,High School,52.2,6.1,54.6,9.6,1.7,1
3.6,Bachelor's,63.0,3.3,32.4,5.0,1.6,0
7.7,Bachelor's,48.9,5.8,67.2,4.9,2.7,0
3.7,Master's,80.2,5.8,99.8,8.2,2.9,1
0.5,Bachelor's,58.4,7.3,44.3,5.9,2.5,1
2.6,Bachelor's,12.7,6.3,46.5,6.4,3.3,0
2.8,Bachelor's,58.3,7.3,44.6,7.2,2.8,0
1.7,Master's,46.3,7.5,76.5,8.1,1.9,1
4.0,Bachelor's,35.6,10.0,71.0,6.0,1.7,1
8.2,High School,42.7,5.6,58.8,8.8,2.5,1
7.8,Bachelor's,67.0,4.5,43.6,3.3,2.8,0
1.8,Bachelor's,88.9,6.6,63.8,7.6,3.7,1
0.4,Bachelor's,70.6,4.8,30.7,5.2,3.5,0
12.6,Bachelor's,54.1,8.9,64.9,8.6,1.6,1
5.5,Master's,73.2,5.7,79.4,6.7,2.1,1
0.4,Bachelor's,56.7,5.2,37.0,5.5,2.9,1
7.6,Master's,52.5,5.4,31.3,7.5,3.4,0
6.1,PhD,44.2,7.5,93.6,7.8,3.2,1
2.2,Bachelor's,33.5,5.9,49.8,7.5,2.1,0
2.7,Bachelor's,58.0,5.0,84.7,5.0,0.8,1
1.5,Bachelor's,67.8,9.2,58.9,5.8,1.1,1
0.2,Bachelor's,63.3,4.7,58.8,6.5,2.5,0
1.2,Bachelor's,57.5,6.3,70.8,6.4,2.6,0
4.9,Master's,48.0,7.4,44.3,7.6,1.0,1
0.0,Master's,75.9,3.3,64.6,3.5,2.2,0
1.2,Bachelor's,41.3,7.1,54.4,7.0,2.9,0
1.5,Bachelor's,79.0,4.3,35.6,6.1,0.9,0
2.3,Master's,47.0,7.7,68.7,5.2,3.4,0
7.6,PhD,51.5,4.5,56.7,5.4,1.8,1
1.3,Master's,38.6,7.4,58.9,6.2,3.6,1
1.3,High School,56.0,8.2,37.8,1.1,1.6,0
4.0,Bachelor's,82.6,7.8,93.8,5.4,1.1,1
1.8,High School,74.3,6.7,79.5,5.2,1.7,1
0.8,Bachelor's,82.6,5.8,81.3,7.3,2.1,1
1.8,High School,74.4,5.2,55.9,5.3,1.8,0
0.5,Bachelor's,45.1,8.8,27.4,6.2,2.0,0
0.6,Master's,59.0,4.9,100.0,8.8,2.6,1
2.1,Bachelor's,51.0,4.3,60.8,8.0,2.0,0
1.6,Bachelor's,89.0,7.4,47.0,7.9,2.1,1
7.4,Bachelor's,43.5,4.8,70.3,5.8,0.3,0
1.4,Bachelor's,81.1,4.5,85.3,7.3,2.6,1
2.6,Bachelor's,81.1,3.6,61.5,6.1,2.1,1
3.0,Bachelor's,97.9,5.3,87.6,6.2,4.0,1
0.0,Master's,57.6,6.1,83.7,7.1,1.2,1
3.3,High School,77.8,6.6,40.5,5.6,0.2,1
0.6,High School,100.0,7.9,48.5,8.7,2.9,1
9.7,Bachelor's,53.9,7.1,81.2,6.3,2.6,1
0.5,Master's,37.4,5.9,7.7,7.4,1.1,0
1.6,Master's,31.2,5.8,59.0,8.7,0.5,0
0.3,Master's,77.8,7.1,33.4,8.0,3.9,1
17.3,Bachelor's,31.1,8.5,52.5,4.4,3.8,1
2.1,Bachelor's,58.3,6.4,56.0,7.2,0.2,1
2.7,High School,72.9,5.4,54.8,7.8,1.7,0
0.2,Bachelor's,68.3,4.4,51.0,7.8,4.0,0
4.2,Master's,72.7,3.6,40.1,4.8,1.7,1
0.7,Bachelor's,69.0,7.4,100.0,5.5,1.7,1
6.8,Master's,88.0,7.2,99.3,8.0,1.9,1
0.7,Master's,47.9,7.2,38.8,5.4,1.0,1
0.6,Bachelor's,52.8,6.0,93.6,6.1,0.3,0
0.1,Master's,51.1,8.7,54.0,8.9,3.4,1
1.9,High School,79.9,5.3,64.6,6.4,0.2,0
2.5,Bachelor's,81.2,7.9,60.7,5.4,2.5,1
0.2,Bachelor's,73.1,6.1,48.8,5.2,3.2,0
4.5,High School,86.3,5.1,81.7,7.0,0.6,1
1.8,Bachelor's,43.8,7.3,64.5,4.5,1.2,1
2.2,Bachelor's,95.0,6.9,52.5,6.1,3.5,0
1.7,Bachelor's,92.4,6.8,35.9,7.0,2.8,0
1.5,Bachelor's,78.2,6.3,44.1,8.4,1.5,1
2.5,High School,97.1,6.1,29.2,7.5,3.5,0
0.5,Bachelor's,35.2,10.0,62.2,5.4,3.5,1
0.6,Bachelor's,55.6,8.3,38.1,8.3,2.5,1
5.9,Bachelor's,51.8,7.5,56.7,6.1,1.2,1
8.8,Master's,78.0,6.4,89.4,4.6,1.7,1
1.4,Master's,46.1,8.0,86.0,6.2,2.5,1
0.9,Master's,78.6,7.1,61.4,8.7,2.0,0
3.1,Master's,89.7,6.2,60.3,6.7,3.2,1
1.6,Bachelor's,77.5,5.7,99.6,6.5,0.5,1
0.1,Master's,70.1,6.1,72.4,9.0,0.6,1
0.5,Bachelor's,47.2,1.0,55.4,4.4,2.4,0
3.8,Bachelor's,49.8,6.6,33.5,4.6,1.7,0
3.2,Master's,87.5,5.3,69.9,4.1,1.5,0
0.1,Bachelor's,79.0,9.1,78.6,7.1,0.3,0
0.8,Master's,64.3,6.2,49.4,6.7,2.2,0
0.8,Master's,57.5,4.1,67.8,8.8,2.1,0
3.3,Master's,28.5,6.1,54.7,6.9,2.9,1
0.1,Master's,45.7,4.3,58.3,5.9,2.3,0
0.3,Bachelor's,99.4,7.1,12.2,6.5,2.1,0
4.8,Bachelor's,42.0,6.7,57.6,6.7,3.5,0
0.6,Bachelor's,68.4,7.9,81.4,4.0,0.8,0
3.2,Bachelor's,83.1,4.8,49.4,10.0,2.8,1
0.8,Bachelor's,42.4,6.3,63.1,7.3,0.4,0
0.3,Master's,68.3,3.7,46.9,6.8,1.3,0
0.8,Master's,81.9,7.5,69.2,7.4,0.9,0
3.8,Bachelor's,65.2,7.1,57.7,7.6,3.1,1
5.8,Bachelor's,100.0,7.1,43.2,6.3,2.1,1
5.3,Bachelor's,35.0,6.2,88.7,5.6,2.2,0
1.5,Bachelor's,84.1,6.9,80.6,7.4,1.0,1
3.3,Master's,61.9,9.1,49.9,7.1,1.9,1
0.7,Bachelor's,78.9,5.7,72.0,5.3,1.4,1
1.0,Bachelor's,72.9,6.4,72.7,8.6,2.6,1
6.8,High School,51.8,4.2,74.8,6.9,1.1,0
0.0,Bachelor's,69.1,4.6,28.1,7.6,3.7,0
0.3,Bachelor's,31.6,6.4,82.1,8.6,0.4,0
0.7,Bachelor's,75.9,8.2,50.6,6.5,1.3,1
0.1,High School,70.4,5.7,54.8,7.0,4.0,1
0.6,Bachelor's,76.5,5.8,100.0,7.7,1.7,0
2.6,Bachelor's,84.0,5.5,68.0,5.4,0.8,0
1.6,Master's,71.6,5.2,54.3,6.6,2.4,0
6.7,Bachelor's,67.7,6.7,17.9,6.7,1.7,1
5.1,Bachelor's,49.1,3.5,89.8,5.1,1.3,0
1.3,Bachelor's,52.2,8.5,35.1,10.0,1.0,1
0.9,PhD,86.4,5.0,41.9,4.4,5.2,1
1.4,Bachelor's,90.9,7.5,55.4,4.6,1.9,0
2.7,Master's,60.7,3.9,90.3,8.5,0.2,1
0.9,Bachelor's,65.8,7.4,77.5,7.6,3.8,1
2.9,Bachelor's,48.7,7.4,58.8,5.0,2.9,0
1.6,High School,86.1,6.9,68.2,7.4,1.4,1
2.4,Bachelor's,77.0,4.4,50.0,8.7,1.2,1
1.7,PhD,99.9,6.6,64.8,6.5,2.9,1
1.0,Bachelor's,49.2,4.1,63.5,10.0,1.9,0
8.9,High School,58.2,5.7,81.4,3.9,0.2,1
4.3,High School,69.2,8.1,81.3,7.5,4.2,1
0.5,Bachelor's,76.6,7.6,71.9,8.2,1.7,1
6.1,Bachelor's,61.1,6.2,54.8,7.8,3.8,1
2.0,High School,49.3,4.4,76.8,6.2,3.6,1
6.7,Master's,80.9,7.4,60.2,6.1,1.1,1
4.8,Bachelor's,78.0,6.2,40.4,7.2,3.3,1
1.7,Bachelor's,48.5,2.0,53.9,7.7,1.5,1
0.1,Master's,89.4,7.6,63.7,7.4,0.2,1
0.9,Bachelor's,86.1,6.2,80.2,8.1,1.7,0
2.3,PhD,67.4,8.4,58.3,5.0,2.6,1
3.0,Bachelor's,66.4,4.2,37.8,6.2,1.7,0
0.9,Master's,75.0,1.0,63.1,5.1,1.9,0
0.5,Bachelor's,49.5,6.7,64.3,5.9,3.5,0
5.4,Master's,65.5,6.7,65.7,8.0,2.3,0
12.5,PhD,26.3,3.2,80.4,6.7,1.3,1
2.2,Bachelor's,80.8,4.4,82.4,10.0,3.0,1
0.6,PhD,36.9,10.0,50.1,6.8,2.4,1
1.0,Bachelor's,92.1,5.6,49.7,6.6,0.2,1
0.1,Bachelor's,59.1,7.5,41.2,6.7,2.7,1
7.4,Bachelor's,61.2,5.0,76.0,5.5,2.6,1
0.4,Bachelor's,53.7,2.4,91.0,6.4,2.2,0
2.6,Bachelor's,59.8,5.9,55.7,8.2,3.2,0
1.0,Bachelor's,90.5,5.7,57.2,6.7,1.5,1
2.4,Bachelor's,20.2,5.5,91.3,5.3,2.6,0
3.2,Master's,88.0,6.0,72.1,5.1,0.5,1
5.3,Master's,71.1,6.7,70.7,5.8,2.6,1
0.7,Bachelor's,43.3,5.9,38.2,6.6,4.3,1
0.0,Bachelor's,45.6,3.9,75.6,8.3,1.1,0
0.4,Bachelor's,95.2,7.1,43.4,4.5,1.4,0
6.9,Bachelor's,48.0,2.7,39.3,6.0,1.4,0
6.2,High School,44.2,2.5,55.1,6.7,2.3,0
2.7,Bachelor's,85.5,7.5,50.3,3.7,1.0,1
2.8,Bachelor's,71.1,7.1,57.6,5.2,2.7,0
3.3,PhD,48.1,6.1,33.2,5.5,3.1,1
0.6,Bachelor's,68.9,3.7,81.2,5.3,2.8,1
7.4,Bachelor's,46.5,4.9,84.6,6.8,0.3,1
1.6,Bachelor's,84.8,5.7,23.1,6.3,3.3,1
1.4,Bachelor's,84.1,3.3,81.6,5.7,3.2,0
2.2,Bachelor's,74.6,4.9,45.8,7.1,3.1,0
0.1,Bachelor's,71.5,7.4,79.1,9.1,2.6,1
0.5,Bachelor's,96.7,8.8,60.6,9.0,2.4,1
4.0,Bachelor's,65.0,5.4,62.6,3.6,3.3,1
0.3,PhD,43.7,7.6,58.3,7.4,4.3,1
2.8,Master's,73.1,2.8,86.2,6.2,1.2,1
0.8,Bachelor's,100.0,7.4,37.2,6.7,3.4,1
1.5,Bachelor's,46.7,4.8,74.2,5.9,2.1,0
1.0,Bachelor's,58.5,6.8,84.0,6.7,2.1,1
1.3,Bachelor's,72.5,5.8,76.3,6.7,0.5,1
3.8,Bachelor's,64.0,8.6,100.0,5.6,1.9,1
1.1,High School,47.3,4.6,51.4,5.2,1.1,0
2.5,Bachelor's,85.2,7.3,81.1,5.8,1.7,1
1.9,Bachelor's,100.0,5.7,59.9,6.9,1.0,1
3.3,Bachelor's,68.5,5.9,86.7,7.4,1.7,0
8.3,PhD,48.7,5.9,61.8,7.8,1.8,1
4.0,Master's,37.1,4.7,54.2,5.8,2.3,0
0.7,Master's,69.6,6.2,88.1,6.9,0.4,1
0.1,Bachelor's,84.9,6.1,52.2,7.9,0.6,0
0.9,Master's,73.6,6.6,33.7,8.2,2.6,1
2.7,Bachelor's,65.0,6.4,51.7,6.4,1.3,0
0.2,Master's,54.4,7.6,74.4,6.2,3.4,1
2.1,Bachelor's,45.3,7.9,89.8,6.8,2.4,1
2.7,Master's,80.0,4.3,64.2,4.8,2.9,0
1.2,Bachelor's,81.4,7.8,88.4,6.2,3.8,1
4.4,Master's,37.2,4.1,34.8,7.6,1.9,0
0.3,Master's,93.6,7.3,53.1,7.5,1.6,1
0.2,Bachelor's,75.3,7.3,56.2,6.1,3.2,1
3.9,Bachelor's,90.2,2.8,59.7,6.8,2.8,1
2.1,PhD,40.8,6.4,63.7,5.3,2.0,1
3.5,Bachelor's,40.4,5.4,75.8,7.6,3.7,0
1.7,Master's,62.3,4.8,53.1,6.4,2.0,0
0.8,Bachelor's,74.1,8.6,64.8,6.1,2.2,1
5.1,Bachelor's,97.3,5.0,61.1,6.0,2.2,1
4.8,Bachelor's,77.7,4.7,43.5,6.4,1.2,0
3.6,Bachelor's,60.6,6.3,59.7,5.8,2.3,0
1.0,Master's,46.5,7.4,59.1,7.5,3.7,0
2.7,Bachelor's,87.1,5.9,58.7,5.9,2.7,1
1.3,Bachelor's,47.6,8.3,62.6,8.9,2.2,1
0.3,Bachelor's,94.3,7.2,63.5,8.7,2.0,1
7.5,Bachelor's,59.9,2.3,53.4,5.2,2.6,1
0.4,Master's,93.6,5.2,87.5,6.6,3.0,1
9.0,PhD,77.2,5.2,38.6,5.5,2.9,1
1.8,Bachelor's,62.5,7.1,47.6,6.0,1.8,0
0.6,Master's,55.7,1.5,100.0,9.5,2.6,0
2.3,Master's,58.9,10.0,41.2,6.0,2.7,1
6.2,Bachelor's,72.7,7.2,34.9,7.0,1.1,1
4.0,PhD,66.4,6.5,76.7,7.3,2.4,1
4.9,Bachelor's,54.3,8.3,20.5,5.0,0.2,0
3.2,Bachelor's,62.0,10.0,57.3,5.2,2.7,1
3.5,Master's,66.4,7.8,100.0,4.7,2.9,1
5.7,Bachelor's,26.7,7.9,31.1,5.2,3.0,0
0.9,Master's,73.2,6.4,22.4,2.2,1.8,1
2.0,Master's,47.4,5.9,32.0,7.3,2.5,0
0.8,High School,44.2,5.3,80.0,9.6,3.8,0
13.2,Master's,34.6,4.7,84.5,6.7,3.8,1
8.7,Bachelor's,32.7,5.0,51.7,4.4,2.2,0
0.1,Bachelor's,40.6,3.8,75.7,5.5,2.4,0
3.7,Bachelor's,52.2,6.1,89.8,5.8,3.4,1
7.8,Master's,100.0,3.2,97.7,5.0,0.5,1
0.6,High School,55.5,6.5,57.1,7.8,1.8,0
2.5,Bachelor's,68.2,6.1,16.0,7.7,3.7,0
7.4,Master's,72.2,6.5,45.6,4.8,3.3,1
0.1,Master's,67.4,5.3,53.5,7.6,2.6,1
3.6,Master's,63.6,10.0,56.8,8.8,0.5,1
1.1,Bachelor's,43.5,8.6,58.2,9.4,2.1,1
7.7,Bachelor's,91.1,4.0,84.4,10.0,1.6,1
10.6,Bachelor's,97.5,6.6,87.5,5.1,2.6,1
8.7,Master's,34.7,5.1,58.6,10.0,1.3,1
1.9,Bachelor's,46.6,4.4,84.0,6.0,1.1,0
5.9,Bachelor's,60.0,3.8,69.2,5.6,0.2,1
5.6,PhD,47.6,7.0,63.3,7.0,3.5,1
1.2,High School,74.1,5.0,80.1,5.6,1.8,0
5.3,PhD,51.9,7.9,63.4,7.1,2.4,1
0.1,Master's,100.0,8.0,100.0,4.5,2.2,1
2.7,Master's,86.4,8.7,33.2,6.1,1.0,1
0.8,Bachelor's,68.8,4.7,51.7,8.4,0.8,0
0.4,High School,83.5,7.1,59.5,6.4,1.1,1
0.2,Master's,84.9,7.3,70.8,6.7,1.4,1
3.6,Master's,54.8,5.3,87.4,7.2,2.6,1
1.2,Master's,50.3,4.8,61.5,8.3,1.3,0
3.9,Bachelor's,66.4,9.1,33.6,4.0,4.1,0
0.2,Master's,80.5,6.6,78.9,7.4,3.3,1
1.1,Master's,67.5,7.3,77.1,6.1,3.1,1
2.3,Master's,36.6,4.7,23.2,6.7,2.1,0
4.7,Master's,50.5,4.0,61.9,8.1,3.9,1
1.2,Master's,63.7,5.2,30.2,4.7,2.0,0
2.9,Bachelor's,63.6,6.0,48.7,5.0,2.2,1
6.5,High School,100.0,4.3,43.9,3.6,2.4,0
2.9,Bachelor's,40.1,6.2,78.2,5.7,3.0,1
0.8,High School,74.1,3.2,64.3,8.5,2.9,0
0.1,Bachelor's,91.8,4.2,36.3,6.3,1.7,0
6.1,Bachelor's,100.0,7.4,79.6,4.5,1.6,1
0.1,High School,57.7,7.3,33.3,5.8,2.9,0
6.2,Bachelor's,73.8,5.5,68.6,4.3,3.0,0
2.3,Bachelor's,75.3,4.4,45.7,4.8,1.8,0
8.4,Master's,68.5,4.4,54.7,7.1,0.5,0
4.8,Master's,63.2,5.5,72.1,4.7,2.0,1
18.5,High School,72.8,7.4,72.4,8.2,2.9,1
1.3,PhD,19.4,7.9,88.7,6.4,4.2,0
4.4,Bachelor's,77.3,5.3,60.4,6.6,0.9,0
1.5,Bachelor's,67.3,4.1,68.1,6.1,1.7,1
2.0,High School,61.0,6.7,53.2,7.7,1.8,0
3.0,Bachelor's,100.0,4.7,65.6,7.7,3.7,1
6.2,Master's,52.9,5.3,70.8,7.0,2.2,1
12.4,Master's,57.7,8.6,60.0,7.3,1.2,1
4.4,High School,100.0,7.7,25.9,6.2,2.8,0
1.6,High School,50.0,6.5,68.6,7.3,1.8,1
1.6,Bachelor's,55.1,3.9,69.3,6.0,0.9,0
4.0,Bachelor's,62.4,6.6,48.4,6.5,1.2,1
0.8,Bachelor's,80.1,8.1,36.3,6.1,4.1,1
0.4,Bachelor's,68.7,5.5,91.5,5.8,2.6,0
1.3,Master's,41.7,8.6,71.8,5.5,2.3,0
1.0,Master's,55.4,8.5,57.4,7.2,1.9,1
1.1,Bachelor's,54.1,9.2,39.3,8.5,2.5,1
0.8,Master's,63.6,6.7,45.6,8.3,2.5,0
0.1,Bachelor's,72.7,7.3,88.1,4.6,2.5,1
0.1,Bachelor's,72.5,8.7,64.8,8.4,2.3,1
13.2,Bachelor's,33.0,7.0,51.0,6.0,3.2,1
1.7,Bachelor's,84.2,5.3,72.2,7.4,2.2,0
1.5,PhD,69.5,5.4,45.7,5.1,1.1,0
3.4,Bachelor's,89.9,6.6,92.0,6.7,1.5,1
0.7,Bachelor's,73.0,3.9,89.1,7.0,0.2,0
9.0,Bachelor's,84.8,5.9,52.7,4.3,4.4,1
4.6,Bachelor's,73.4,8.2,49.4,7.4,3.1,1
0.3,Master's,89.2,2.3,9.6,8.5,1.3,1
1.6,Bachelor's,74.4,9.0,32.4,6.2,1.9,0
6.3,Bachelor's,63.2,8.2,35.2,8.5,1.5,1
8.7,Bachelor's,100.0,5.4,64.7,6.2,3.9,1
1.9,Bachelor's,81.0,7.2,55.5,7.8,0.6,0
2.9,High School,75.3,6.2,35.1,3.2,2.3,1
0.5,Master's,42.0,8.4,56.4,10.0,2.1,1
14.2,Bachelor's,41.8,8.0,72.1,8.7,3.1,0
0.8,Master's,70.3,3.7,72.6,6.1,2.1,1
8.6,Master's,67.6,7.3,24.0,3.5,0.3,0
3.1,Master's,53.9,5.8,59.4,6.9,1.9,0
2.8,Bachelor's,67.5,6.3,34.3,4.3,1.1,1
2.2,Bachelor's,93.6,4.9,80.0,7.2,2.3,1
0.8,Bachelor's,77.5,9.3,77.7,7.1,3.8,1
0.6,Master's,44.5,8.1,44.0,5.1,0.3,1
0.7,Bachelor's,63.0,4.9,46.7,8.2,1.3,0
0.6,Bachelor's,50.5,3.8,52.8,7.7,1.6,0
4.5,Bachelor's,58.0,5.5,16.9,8.0,1.8,0
1.3,Bachelor's,57.6,7.0,68.7,6.5,3.0,1
0.2,Bachelor's,56.4,6.6,56.5,4.4,2.0,0
10.4,High School,42.4,8.5,81.4,8.0,2.7,1
6.5,Master's,62.7,7.6,40.0,6.1,1.5,1
7.9,Bachelor's,54.9,7.9,49.6,4.4,2.5,1
15.8,High School,12.3,6.8,31.9,8.5,3.1,0
0.6,Bachelor's,100.0,3.7,41.9,9.6,1.4,1
1.5,High School,84.6,5.8,38.4,6.4,3.1,0
4.3,Bachelor's,58.2,8.1,81.9,9.7,2.3,1
3.6,Master's,65.3,6.1,48.0,6.6,3.4,1
0.5,High School,43.9,7.1,64.5,5.9,2.0,0
5.1,Master's,95.5,5.6,54.4,5.6,2.6,0
0.8,High School,99.2,4.3,36.6,9.0,2.2,0
0.8,Bachelor's,67.8,6.0,58.6,5.3,2.1,0
2.3,Master's,83.4,6.8,74.0,7.6,2.5,1
2.7,Bachelor's,68.2,5.0,37.8,5.7,2.8,0
2.6,Bachelor's,40.9,5.8,78.2,5.8,0.8,0
0.3,Bachelor's,57.6,4.5,45.0,8.0,3.8,1
6.3,Bachelor's,67.4,8.2,52.3,5.9,0.2,0
0.9,Master's,56.8,5.7,72.6,5.9,1.4,1
0.4,Bachelor's,61.1,8.8,48.7,8.2,2.1,1
6.6,Master's,63.4,9.0,62.8,8.9,2.7,1
9.3,Master's,63.5,6.1,55.7,7.5,3.9,1
5.9,Bachelor's,65.9,4.4,64.6,5.5,0.2,1
5.0,Master's,45.9,2.4,14.4,5.7,1.6,0
3.2,Bachelor's,52.1,3.6,25.4,6.6,0.2,0
2.4,PhD,41.9,3.7,74.3,7.0,2.2,1
0.3,High School,82.6,8.7,82.7,5.0,2.5,1
1.6,Master's,27.1,6.4,43.8,7.6,3.9,0
1.4,Bachelor's,85.8,6.9,57.1,6.6,2.3,1
0.9,Bachelor's,90.0,2.2,67.9,3.9,3.3,1
3.9,Bachelor's,59.6,4.0,75.9,5.1,2.8,0
2.1,Master's,18.1,7.8,21.4,5.7,1.7,0
0.3,High School,58.5,6.7,44.3,6.4,0.7,0
0.7,Bachelor's,63.8,5.9,55.3,9.3,2.5,1
3.4,Master's,46.8,7.2,76.1,6.9,0.6,1
0.2,Master's,55.7,9.1,100.0,5.2,3.6,1
5.7,PhD,92.5,5.8,57.4,6.8,2.0,1
2.1,Master's,77.0,6.3,33.9,6.0,3.5,1
2.0,PhD,48.4,6.5,70.0,7.0,1.7,1
2.7,Master's,36.2,10.0,88.4,7.4,2.5,1
5.2,Bachelor's,59.1,2.4,64.2,8.3,2.4,0
1.3,Bachelor's,61.2,7.4,43.9,6.5,2.2,1
3.4,Master's,73.9,6.0,81.2,9.0,1.7,1
2.5,Bachelor's,55.4,7.2,75.3,7.9,2.6,1
0.9,High School,74.2,5.0,41.5,5.4,1.2,0
6.3,Bachelor's,99.8,6.1,69.6,9.8,0.9,1
4.8,PhD,79.7,7.5,81.9,7.0,3.6,1
3.2,Bachelor's,64.1,10.0,85.6,5.2,3.0,1
5.7,Bachelor's,61.7,7.7,60.7,9.0,2.3,1
6.1,Bachelor's,58.6,4.7,54.8,9.6,4.0,1
3.7,Bachelor's,86.3,5.4,86.5,6.5,1.9,1
5.4,Bachelor's,53.7,5.4,37.8,5.7,3.7,1
3.6,Bachelor's,65.8,3.0,70.8,6.2,2.4,1
3.4,High School,65.9,5.6,34.6,7.6,1.1,1
2.9,Master's,56.0,7.5,83.3,8.4,4.2,1
4.2,Bachelor's,40.3,3.9,56.8,7.4,3.3,0
0.5,Master's,70.8,8.1,87.4,6.7,2.1,1
6.4,Master's,63.9,7.1,71.8,8.7,3.0,1
6.2,Bachelor's,74.0,4.9,37.5,6.0,1.8,1
0.1,Master's,55.4,5.9,90.5,8.0,3.1,1
5.2,Bachelor's,87.0,9.1,93.0,6.1,0.2,1
0.4,Master's,49.2,7.5,79.6,7.1,1.1,1
1.2,Bachelor's,95.8,6.2,46.8,6.3,3.3,1
4.1,Master's,33.5,5.8,55.9,6.4,1.9,0
0.5,Bachelor's,72.8,6.3,64.9,5.9,2.4,1
5.1,Bachelor's,73.6,5.3,47.9,8.5,0.7,1
5.4,Bachelor's,50.7,2.4,95.8,5.4,4.2,0
2.1,Master's,72.6,9.9,64.9,5.4,3.5,1
0.0,Master's,88.0,6.5,7.9,9.7,2.0,0
1.0,Bachelor's,25.1,6.9,68.8,8.0,1.8,1
2.9,Bachelor's,74.0,6.1,55.0,2.9,3.3,1
11.9,Bachelor's,20.1,4.9,60.5,5.7,4.4,0
3.0,Master's,47.6,5.9,54.6,3.8,3.2,1
0.9,Bachelor's,94.3,3.3,78.1,5.1,4.6,1
3.0,Master's,54.5,10.0,84.4,1.8,1.2,1
2.3,Bachelor's,43.9,4.0,67.7,6.3,1.3,1
4.5,Bachelor's,61.4,4.3,55.2,4.8,0.9,0
0.3,High School,100.0,5.4,61.2,6.6,2.7,0
4.3,Bachelor's,32.0,8.5,62.4,4.1,2.4,1
2.3,Bachelor's,46.1,6.2,46.0,6.6,2.0,0
9.9,Bachelor's,92.0,4.0,73.6,5.9,3.1,1
1.3,Master's,98.4,8.5,71.2,8.8,3.6,1
3.0,High School,63.1,7.5,92.8,8.6,0.5,0
8.1,Bachelor's,42.7,7.2,87.1,7.7,1.5,1
0.3,Bachelor's,100.0,7.5,48.3,6.0,3.1,1
8.3,High School,93.7,10.0,78.4,9.5,1.7,1
3.5,Bachelor's,77.2,10.0,43.0,4.2,1.3,1
0.2,Bachelor's,50.4,5.0,75.9,4.4,3.3,0
1.1,Bachelor's,64.1,9.1,51.7,6.4,0.8,1
3.7,Bachelor's,62.1,6.9,41.5,9.9,1.9,0
0.2,Bachelor's,71.0,7.1,67.6,6.2,2.6,1
2.6,Bachelor's,91.1,3.2,8.5,6.2,1.6,0
1.3,High School,80.8,5.9,27.0,4.3,3.1,0
2.9,Bachelor's,45.6,4.7,58.5,7.9,1.6,1
0.1,PhD,89.8,7.7,63.6,7.9,3.7,1
6.2,Bachelor's,70.6,8.1,54.6,7.7,2.1,1
10.9,Master's,77.4,2.5,30.4,5.6,2.9,1
10.4,Bachelor's,91.4,6.2,45.6,5.4,3.0,1
4.2,Master's,45.0,8.2,69.8,4.6,1.5,1
0.4,Master's,64.4,5.9,73.6,6.6,0.2,1
4.3,Bachelor's,55.4,7.5,61.7,4.9,2.6,1
0.1,PhD,36.8,6.8,85.1,4.7,2.3,0
0.1,Bachelor's,71.2,6.8,69.9,5.9,2.8,1
1.2,High School,100.0,5.7,47.1,5.8,2.0,1
2.0,Master's,31.9,4.0,56.4,5.7,1.7,0
4.4,Master's,64.4,4.2,33.9,7.2,4.4,0
3.4,Bachelor's,76.5,7.5,59.8,6.6,0.6,1
1.8,Bachelor's,67.2,6.2,84.2,6.1,3.0,1
1.0,High School,63.0,6.0,75.7,6.8,1.6,0
17.6,Bachelor's,41.6,5.4,90.0,5.0,1.8,1
1.7,Master's,69.2,5.7,55.9,6.7,1.9,0
1.8,Bachelor's,51.4,8.1,88.9,6.7,1.3,1
0.5,Bachelor's,25.6,5.6,58.1,4.2,2.8,0
4.8,Bachelor's,86.5,3.8,91.4,8.0,3.7,1
3.5,High School,82.3,7.5,61.6,5.2,2.7,1
0.7,Bachelor's,65.9,5.8,76.1,6.6,2.3,1
0.3,Bachelor's,69.1,6.3,91.5,8.2,1.1,1
3.4,PhD,84.3,9.1,58.1,7.9,2.8,1
3.2,Master's,69.0,6.2,66.4,6.6,4.6,1
1.0,High School,81.3,6.7,87.8,6.0,1.8,1
9.0,Master's,59.6,4.1,59.3,7.9,1.8,1
0.5,Master's,88.6,5.8,35.6,7.5,1.6,0
1.7,Master's,70.8,7.3,100.0,5.6,1.7,1
8.6,Bachelor's,68.5,3.4,52.6,5.3,0.2,1
1.6,Bachelor's,42.1,6.6,65.2,3.4,2.6,0
3.1,Bachelor's,70.2,6.4,85.1,6.7,1.3,1
1.5,High School,50.0,6.3,49.8,6.4,0.4,0
1.0,Bachelor's,53.5,8.1,41.8,8.2,3.0,0
12.4,Bachelor's,50.3,6.8,67.1,7.0,1.0,1
1.6,Bachelor's,45.8,8.9,26.1,8.5,1.8,1
6.7,Master's,100.0,4.4,56.2,5.5,3.8,1
0.8,Bachelor's,89.0,6.4,66.9,8.2,0.6,1
0.7,High School,99.6,6.4,56.6,5.7,0.5,1
0.1,PhD,43.0,4.3,31.1,7.7,2.5,0
3.2,Master's,66.3,7.9,93.9,4.3,3.5,1
1.4,Master's,41.7,10.0,64.1,6.9,0.5,1
6.0,PhD,52.5,6.2,90.6,3.5,2.6,1
1.9,Bachelor's,48.5,7.1,56.8,6.1,2.8,0
10.3,PhD,87.3,6.4,44.4,7.2,0.2,0
0.6,High School,57.9,4.9,67.4,5.7,3.1,1
6.1,Bachelor's,84.2,2.9,57.7,4.9,3.2,1
4.5,Bachelor's,75.9,4.9,38.4,7.8,1.9,1
4.4,Bachelor's,100.0,3.7,91.4,6.3,3.6,1
5.6,Bachelor's,38.4,9.3,49.6,5.8,3.5,1
4.3,Bachelor's,87.7,6.0,25.2,6.6,2.3,0
3.0,Master's,85.6,5.6,88.6,10.0,1.7,1
0.4,Bachelor's,47.5,7.8,51.9,8.2,1.1,0
0.1,Bachelor's,83.1,4.2,49.8,8.2,2.2,1
7.6,Master's,71.1,4.8,26.7,7.2,2.8,1
2.9,Bachelor's,60.9,6.3,96.8,6.7,1.8,1
4.8,Bachelor's,50.2,8.1,36.2,2.9,0.2,0
2.0,Master's,52.1,7.1,63.2,5.5,3.6,0
0.4,Bachelor's,100.0,6.6,80.3,5.8,2.4,1
0.4,Bachelor's,65.0,6.3,70.4,3.7,1.8,1
3.5,Master's,79.1,6.9,60.8,4.8,3.1,1
1.7,Bachelor's,50.8,6.6,28.0,3.5,3.9,0
0.7,Bachelor's,51.0,4.3,45.8,6.4,0.2,0
2.0,Master's,84.5,6.3,65.8,7.7,2.7,1
0.2,Master's,40.7,4.3,46.3,8.2,0.6,0
2.6,High School,57.5,6.3,66.1,7.1,2.7,0
0.9,Bachelor's,65.6,5.3,75.6,5.1,2.3,0
4.8,High School,67.0,10.0,81.3,3.6,2.9,1
1.1,Bachelor's,61.8,6.1,37.5,3.9,1.7,0
1.8,Bachelor's,72.1,3.7,100.0,4.6,0.2,0
0.0,Bachelor's,77.5,6.0,77.3,5.2,1.7,1
0.2,PhD,78.2,7.1,62.0,6.3,2.6,1
1.5,Bachelor's,47.3,9.2,83.8,5.0,3.3,1
2.0,Bachelor's,59.9,5.1,100.0,7.0,0.9,1
2.7,Bachelor's,86.5,3.4,33.2,6.2,3.3,1
1.0,Master's,81.1,7.7,57.5,6.5,1.5,1
3.6,High School,40.3,3.7,14.4,8.2,2.6,0
5.9,Bachelor's,71.3,5.4,65.9,4.7,1.6,1
4.5,Master's,29.4,5.7,69.3,7.1,2.4,1
0.1,Bachelor's,65.8,6.1,61.2,6.5,3.2,1
2.0,Bachelor's,99.2,7.4,48.9,6.0,0.9,1
0.3,Bachelor's,47.9,5.0,21.0,7.8,1.5,0
0.8,High School,50.0,5.7,69.5,7.8,2.4,0
13.0,Bachelor's,78.8,6.2,91.1,5.1,4.8,1
0.5,Bachelor's,37.2,6.5,50.2,6.2,1.3,0
2.1,Bachelor's,53.6,6.4,70.8,6.9,4.4,1
2.9,High School,75.7,7.0,30.6,6.1,4.4,0
3.6,Master's,53.6,7.7,71.1,7.4,2.1,1
2.5,PhD,60.8,6.9,54.1,6.9,1.9,1
0.0,Master's,78.4,7.0,46.8,9.2,1.4,1
1.2,Master's,72.6,3.4,46.8,4.2,2.1,0
2.2,Bachelor's,69.8,6.3,54.1,6.3,0.7,0
0.3,PhD,58.9,7.1,69.6,5.1,2.1,0
1.3,Bachelor's,71.7,7.5,35.8,7.4,3.8,0
0.1,PhD,62.8,5.0,54.1,4.1,1.5,0
0.2,PhD,73.2,5.0,61.2,7.0,1.9,1
1.5,Master's,56.1,5.2,40.0,5.6,0.3,0
0.4,PhD,61.7,7.2,97.9,5.4,2.6,1
2.5,Bachelor's,47.2,8.1,44.9,4.3,2.5,0
3.5,Bachelor's,64.4,5.5,48.6,5.8,2.3,1
4.8,Bachelor's,50.4,7.8,42.4,8.1,2.0,1
0.7,Bachelor's,44.9,6.4,98.0,6.5,1.9,1
0.5,High School,69.7,6.0,73.1,7.4,2.8,0
0.3,Bachelor's,68.8,5.8,43.3,9.0,2.2,1
3.0,PhD,79.1,7.5,84.1,6.9,2.5,1
3.7,Bachelor's,57.2,6.8,66.0,5.7,2.4,1
0.1,Master's,72.3,10.0,67.1,7.2,3.4,1
8.3,Master's,74.9,4.7,55.1,5.7,2.9,1
0.2,Master's,73.0,7.1,47.0,5.7,2.4,0
2.3,PhD,50.1,5.2,68.8,4.2,3.9,0
3.7,Bachelor's,67.7,4.6,51.1,7.9,2.7,0
6.1,PhD,71.6,6.2,98.3,5.9,3.6,1
3.8,Master's,65.1,6.4,36.6,6.8,2.9,1
4.9,Bachelor's,27.4,10.0,92.7,4.9,0.2,1
1.2,Bachelor's,67.9,5.9,59.8,7.2,3.6,1
5.1,Master's,100.0,4.2,68.0,5.4,2.3,1
0.3,Bachelor's,58.5,6.7,78.7,6.3,2.1,1
6.8,Bachelor's,51.9,2.5,49.4,7.8,2.5,0
2.4,Master's,71.7,6.0,79.3,7.7,1.8,0
5.1,Bachelor's,70.6,6.2,7.8,6.5,2.4,1
1.8,Bachelor's,86.5,7.6,47.6,3.8,1.5,1
3.1,Master's,42.4,8.0,43.5,10.0,3.6,1
2.2,Bachelor's,78.2,5.3,36.9,9.1,2.1,0
3.9,High School,75.6,5.9,57.7,7.6,1.8,1
0.3,High School,62.4,4.8,69.7,5.4,1.2,0
0.2,Bachelor's,71.1,4.2,76.1,6.3,2.5,0
0.9,Master's,83.5,6.8,66.8,5.7,2.4,1
0.5,Bachelor's,80.7,3.9,48.7,8.4,2.6,1
6.2,Bachelor's,44.4,5.5,69.4,6.9,1.1,0
0.7,Bachelor's,79.8,4.4,64.5,5.3,0.4,0
11.2,Bachelor's,63.8,7.2,80.7,5.8,2.9,1
1.2,Master's,66.3,9.4,77.5,8.2,3.8,1
0.6,Master's,66.3,3.9,62.6,8.9,1.1,1
4.7,High School,62.3,2.9,44.1,8.8,3.9,1
3.2,Bachelor's,86.5,6.0,48.9,7.6,2.5,1
2.1,High School,63.5,6.2,51.0,6.1,2.2,0
2.4,Bachelor's,44.8,6.6,55.7,1.6,1.8,0
3.8,Master's,57.9,5.4,67.4,6.9,0.7,1
0.8,Bachelor's,68.2,5.8,76.3,6.5,3.3,1
16.8,Bachelor's,87.1,6.9,61.0,6.7,1.3,1
11.0,Bachelor's,75.9,8.1,62.3,6.6,1.3,1
3.2,Master's,49.7,2.7,64.9,4.5,3.3,0
0.7,PhD,100.0,5.5,51.7,7.3,0.2,1
3.4,High School,69.8,6.6,43.5,7.4,0.5,1
0.2,Master's,88.0,4.5,26.9,7.5,2.2,1
0.1,Bachelor's,62.3,9.3,48.1,7.9,2.5,0
0.9,Bachelor's,74.6,5.1,71.5,7.4,2.7,1
1.9,Master's,80.1,6.1,47.9,5.9,1.9,1
6.1,Master's,86.9,7.2,57.2,6.4,5.0,1
3.9,PhD,84.0,5.1,71.3,6.6,1.9,1
4.1,Bachelor's,80.7,2.9,72.4,6.7,1.9,0
1.7,Bachelor's,59.3,5.4,40.4,8.0,1.3,1
1.3,Master's,54.7,8.1,81.9,7.5,2.3,0
1.4,Bachelor's,71.0,5.6,84.5,9.6,2.9,1
13.2,Bachelor's,81.8,4.7,39.4,9.8,3.5,1
0.1,Bachelor's,61.0,7.9,45.5,6.6,0.6,0
6.1,Master's,84.2,5.6,85.8,1.0,1.9,1
2.6,Bachelor's,91.1,5.3,59.1,8.4,2.7,0
1.7,Bachelor's,48.5,6.5,17.6,5.7,2.8,0
3.9,Master's,49.9,7.6,34.0,5.3,2.2,1
2.0,Bachelor's,62.5,10.0,57.0,5.9,2.8,1
6.2,Bachelor's,70.5,7.7,38.7,5.8,1.3,1
6.9,Bachelor's,55.6,8.3,53.7,7.4,3.9,1
1.6,High School,89.3,5.3,62.6,4.2,3.3,0
1.0,High School,72.6,4.4,91.2,4.9,0.7,1
2.7,Bachelor's,65.7,6.3,56.2,7.0,1.0,1
7.3,Master's,39.2,6.4,83.5,7.4,1.0,1
0.7,Bachelor's,41.3,4.3,90.6,7.5,2.9,0
2.9,PhD,70.1,5.9,90.7,5.3,0.8,1
3.0,Bachelor's,26.6,6.9,67.7,5.0,1.8,1
4.0,Bachelor's,83.2,6.8,22.7,5.7,2.7,1
0.4,Bachelor's,62.2,7.1,71.2,6.9,2.1,1
3.8,Bachelor's,100.0,6.7,83.0,8.7,2.5,1
7.2,Master's,100.0,5.3,60.4,3.4,1.0,1
0.6,Bachelor's,61.7,5.3,96.9,6.2,2.9,1
0.8,Bachelor's,63.1,4.0,79.2,4.5,1.5,0
10.7,Master's,82.9,9.4,73.4,4.0,1.8,1
0.6,Master's,95.7,6.2,83.7,8.0,2.5,1
5.8,Master's,35.5,5.8,68.7,7.3,2.3,1
2.0,Bachelor's,32.8,4.5,12.1,7.2,2.2,0
0.9,Master's,53.8,10.0,52.0,7.9,1.4,1
6.1,Bachelor's,75.5,4.3,85.9,5.8,1.9,0
1.8,Bachelor's,73.9,5.4,45.8,5.9,2.2,1
2.2,Bachelor's,84.3,6.9,57.5,9.8,0.7,1
1.3,Bachelor's,43.4,7.3,41.1,6.1,1.7,0
2.7,Bachelor's,23.3,7.9,97.7,7.6,2.6,1
0.5,Bachelor's,80.4,9.5,95.6,6.5,0.8,1
1.5,Master's,50.1,7.1,44.3,3.7,3.5,0
10.5,Bachelor's,28.7,4.3,64.9,3.4,3.6,0
0.9,High School,67.6,5.7,48.4,5.6,0.8,0
3.2,High School,79.3,6.8,74.3,8.1,3.7,1
1.2,Master's,62.8,9.9,72.2,7.7,2.0,1
4.5,Bachelor's,56.8,3.7,78.2,7.9,2.7,0
0.4,Bachelor's,62.1,8.4,68.6,5.0,1.7,1
10.5,Master's,58.3,6.5,100.0,8.9,3.2,1
1.8,Master's,40.7,7.7,41.4,5.1,2.6,0
0.8,Bachelor's,52.1,6.0,27.8,6.8,1.3,0
0.2,Master's,74.4,4.7,54.1,6.5,0.9,1
0.6,Master's,70.8,7.6,30.6,6.2,0.6,0
2.2,Master's,68.0,7.4,32.2,8.5,2.4,1
1.2,Bachelor's,47.1,7.9,42.0,5.4,2.8,1
5.3,Master's,61.7,6.2,43.6,4.5,2.9,1
1.7,Bachelor's,25.8,5.1,42.9,6.5,2.1,0
0.9,Bachelor's,68.2,3.4,72.4,5.9,0.9,0
2.9,Bachelor's,90.7,7.7,51.9,10.0,1.4,1
3.7,High School,38.5,7.0,58.4,7.5,3.5,0
0.5,Bachelor's,54.5,4.5,79.9,5.9,1.7,1
0.6,Master's,70.9,5.2,46.7,4.9,2.4,0
0.1,High School,87.6,5.4,56.7,3.7,1.0,0
4.0,Bachelor's,56.9,3.5,69.3,5.0,2.6,1
3.3,Bachelor's,52.5,4.7,23.2,6.7,1.7,0
1.9,High School,29.6,4.2,14.3,8.6,3.4,0
5.6,PhD,66.9,5.5,68.9,8.2,3.1,0
4.9,Bachelor's,100.0,4.9,71.8,6.8,1.7,1
2.6,Bachelor's,70.0,3.3,100.0,6.0,2.1,0
6.1,Bachelor's,64.6,9.8,65.2,6.9,1.6,1
0.7,Bachelor's,70.8,8.5,78.4,5.7,0.6,1
0.4,High School,64.8,4.8,58.1,9.1,1.3,0
0.9,Master's,50.4,6.7,67.9,6.2,2.4,1
0.2,PhD,79.8,7.0,95.3,6.4,2.6,1
2.3,Bachelor's,69.1,8.3,19.5,3.2,2.4,1
8.3,Master's,65.3,4.7,70.3,6.2,1.9,1
0.1,Master's,47.4,8.2,100.0,7.8,3.2,1
0.4,Master's,88.5,5.2,67.6,4.9,2.3,1
1.8,Bachelor's,77.0,3.8,95.0,5.4,3.0,1
8.1,Bachelor's,55.0,7.5,49.4,7.7,0.2,1
1.1,Bachelor's,83.0,8.5,61.4,4.3,0.2,1
2.1,Master's,56.0,10.0,62.7,8.1,2.5,1
0.1,Master's,50.9,4.0,17.6,5.7,0.6,0
0.5,Bachelor's,51.3,7.5,38.6,5.9,2.0,1
12.9,Bachelor's,33.1,5.5,40.1,4.8,1.9,1
10.1,Master's,73.5,7.6,78.4,7.1,3.9,1
0.0,Master's,32.0,3.6,79.4,10.0,2.6,1
9.1,PhD,42.9,3.9,68.5,7.7,2.4,1
3.1,Master's,27.6,4.8,78.5,5.2,3.1,1
6.1,Bachelor's,63.5,6.3,58.7,8.2,2.6,0
1.8,Bachelor's,62.3,5.0,86.0,6.0,1.7,1
2.2,Master's,59.1,7.4,62.2,8.6,3.4,1
2.0,High School,46.2,8.0,63.2,7.7,1.0,0
3.3,Bachelor's,43.9,7.3,56.7,2.1,2.6,0
0.5,Master's,73.4,9.1,75.7,5.0,0.5,1
0.1,Bachelor's,55.1,6.9,53.6,7.9,2.4,0
1.1,Master's,70.7,4.0,81.5,6.7,2.4,1
3.7,Bachelor's,49.1,8.7,39.4,5.0,4.0,0
0.7,PhD,68.3,5.1,40.0,5.5,0.5,0
3.4,High School,88.5,7.8,75.7,3.6,1.5,1
10.5,Bachelor's,75.6,9.0,60.2,6.4,3.1,1
0.3,Bachelor's,57.6,7.0,52.9,9.8,2.6,1
3.3,Bachelor's,69.6,3.5,79.8,7.7,2.4,1
1.8,Master's,60.7,4.5,49.9,9.8,1.1,1
6.1,Master's,65.1,8.6,58.0,7.8,1.6,0
0.6,Bachelor's,59.1,5.9,90.0,8.0,3.6,0
3.5,Bachelor's,62.0,6.3,92.8,9.5,2.1,1
5.5,Bachelor's,68.8,7.6,93.4,7.1,2.6,1
8.7,Bachelor's,47.1,7.5,56.4,6.2,2.1,1
3.4,Master's,46.7,6.7,86.6,8.0,0.9,1
2.1,Master's,40.0,5.8,43.0,8.7,3.2,1
2.9,Master's,36.2,5.6,43.9,5.8,2.8,0
6.1,Master's,43.1,7.7,15.0,5.4,4.7,0
2.5,Bachelor's,67.9,7.2,95.5,6.7,1.1,0
0.1,Master's,48.9,5.7,44.7,7.7,3.1,0
8.0,Master's,74.2,8.1,59.5,7.7,0.8,1
3.5,Master's,65.6,6.0,43.8,4.4,2.4,0
3.4,Master's,29.6,4.7,75.9,9.4,3.3,0
0.7,Bachelor's,76.8,4.8,54.5,5.5,0.2,0
3.2,Master's,79.6,4.4,35.9,6.1,2.0,0
1.5,Bachelor's,47.1,5.7,70.8,5.1,1.6,0
3.2,Bachelor's,72.6,8.4,33.3,10.0,1.4,0
0.3,Bachelor's,49.6,4.8,45.3,6.9,2.6,0
3.2,PhD,66.8,6.5,19.9,5.2,3.4,0
20.0,Master's,42.2,5.0,33.5,7.8,2.1,1
0.1,Master's,32.7,5.7,65.6,7.7,2.4,0
11.3,Master's,58.1,3.5,22.7,6.2,2.3,1
1.6,Bachelor's,62.8,5.8,32.4,7.8,2.2,1
6.1,Master's,57.8,5.9,62.0,5.3,1.0,1
4.6,Bachelor's,43.7,7.2,51.1,5.8,3.4,0
2.5,Bachelor's,57.8,6.6,100.0,3.5,2.5,1
4.0,Bachelor's,69.8,4.0,98.7,4.5,2.6,1
6.3,Master's,64.2,8.2,44.6,9.2,1.3,1
1.6,Master's,68.3,6.6,73.1,9.0,1.7,1
1.2,Bachelor's,52.9,6.6,77.0,6.6,2.0,1
3.3,High School,86.1,6.2,50.1,9.0,0.5,1
4.9,Master's,43.8,5.3,32.1,6.3,0.3,0
4.3,High School,73.8,6.6,61.8,6.1,1.5,1
4.8,Master's,86.3,7.1,58.5,6.6,2.8,1
1.7,PhD,73.7,3.1,53.3,6.3,1.5,0
5.1,Bachelor's,61.4,5.2,70.8,6.2,1.1,1
0.4,Bachelor's,55.5,5.7,47.0,8.2,1.3,0
2.4,Master's,83.6,6.7,39.0,6.7,1.7,1
0.0,Master's,39.4,8.3,64.2,7.6,1.8,1
1.2,Bachelor's,47.5,4.8,69.7,8.0,4.6,0
1.4,PhD,57.8,5.3,38.5,7.1,3.4,0
1.5,High School,87.3,5.3,80.6,5.0,3.3,1
3.6,Bachelor's,71.8,4.8,26.6,4.5,3.5,0
1.5,Master's,47.6,5.6,50.4,6.7,1.1,1
1.8,Master's,59.4,7.6,56.8,6.2,0.9,1
0.8,Bachelor's,53.9,4.3,49.3,6.6,1.0,0
1.4,Master's,52.2,7.0,50.7,6.5,3.7,0
0.8,Bachelor's,82.6,3.1,99.4,10.0,1.6,1
0.2,Bachelor's,40.3,5.2,45.0,4.5,0.8,0
2.8,Bachelor's,94.0,5.6,100.0,3.5,1.7,1
3.3,Master's,79.9,9.2,70.7,7.0,1.9,1
2.9,Bachelor's,84.6,5.7,63.8,5.9,2.5,1
1.9,Bachelor's,56.7,2.2,71.5,7.0,2.5,1
1.4,Bachelor's,62.3,2.6,100.0,7.4,1.3,1
6.0,Master's,39.2,6.3,42.1,8.4,3.0,1
